"Letöltés idõpontja";"2017.04.21. 17:19"
"Alap neve:";"Aegon Tempó Moderato 6 Alapokba Fektetõ Részalap"
"Befektetési sorozat megjelölése:";""
"Befektetési jegy devizaneme:";"HUF"
"Kategória:";"Kiegyensúlyozott"
"Földrajzi kitettség:";"Globális"
"Devizális kitettség:";""
"Egyéb jellemzõ kitettség:";""
"Hozam/kockázat mutató:";"0"
"Bef. politika rövid leírása:";""
"Alap típusa:";"Nyilvános nyíltvégû"
"Alap fajtája:";"Alapok alapja"
"Alap indulási dátuma:";"2014/10/27"
"Alapkezelõ:";"AEGON Magyarország Befektetési Alapkezelõ Zrt."
"Letétkezelõ:";"UniCredit Bank Hungary Zrt."
"1 éves szórás:";"3,15%"
"5 éves szórás:";""
"Dátum";"Árfolyam";"NEÉ";"Kifizetett hozam";"Napi befjegy. forgalom";"Napi befjegy. forgalom változás(%)";"3 hónapos hozam";"6 hónapos hozam";"1 éves hozam";"3 éves hozam";"5 éves hozam";"10 éves hozam"
"2017/04/20";"1,117365";"131584360";"0";"1065023,01";"0,82%";"2,73%";"4,93%";"6,31%";"";"";""
"2017/04/19";"1,117265";"130507656";"0";"1133830,95";"0,88%";"2,79%";"5,1%";"6,23%";"";"";""
"2017/04/18";"1,117358";"129384594";"0";"1069070,42";"0,83%";"2,83%";"5,29%";"6,38%";"";"";""
"2017/04/13";"1,117776";"128363526";"0";"669058,32";"0,52%";"2,74%";"5,78%";"6,56%";"";"";""
"2017/04/12";"1,117256";"127635063";"0";"-440274,28";"-0,34%";"2,68%";"5,55%";"6,97%";"";"";""
"2017/04/11";"1,1183";"128195015";"0";"-2980494,82";"-2,27%";"2,47%";"5,72%";"7,09%";"";"";""
"2017/04/10";"1,118635";"131214805";"0";"569802,58";"0,44%";"2,71%";"5,59%";"7,16%";"";"";""
"2017/04/07";"1,118366";"130613586";"0";"870748,49";"0,67%";"2,69%";"5,64%";"7,23%";"";"";""
"2017/04/06";"1,117507";"129643184";"0";"720687,54";"0,56%";"2,61%";"5,39%";"6,93%";"";"";""
"2017/04/05";"1,115635";"128706531";"0";"56205,06";"0,04%";"2,24%";"5,17%";"6,8%";"";"";""
"2017/04/04";"1,114321";"128498801";"0";"405546,6";"0,32%";"2,07%";"4,9%";"6,36%";"";"";""
"2017/04/03";"1,113561";"128005891";"0";"700538,96";"0,55%";"2,03%";"4,95%";"6,35%";"";"";""
"2017/03/31";"1,111014";"127014172";"0";"423678,84";"0,33%";"2,23%";"4,72%";"5,92%";"";"";""
"2017/03/30";"1,112638";"126775534";"0";"600467,95";"0,48%";"2,38%";"4,87%";"6%";"";"";""
"2017/03/29";"1,110751";"125961077";"0";"79785,12";"0,06%";"2,23%";"4,72%";"6%";"";"";""
"2017/03/28";"1,107905";"125558755";"0";"214995,56";"0,17%";"2,02%";"4,47%";"5,86%";"";"";""
"2017/03/27";"1,105973";"125125181";"0";"212752,28";"0,17%";"1,83%";"4,47%";"5,68%";"";"";""
"2017/03/24";"1,106994";"125027744";"0";"62007,97";"0,05%";"1,88%";"4,24%";"5,78%";"";"";""
"2017/03/23";"1,10647";"124906583";"0";"452077,09";"0,36%";"1,83%";"4,2%";"5,73%";"";"";""
"2017/03/22";"1,103672";"124139790";"0";"218900,31";"0,18%";"1,49%";"3,71%";"5,59%";"";"";""
"2017/03/21";"1,105049";"124075500";"0";"431029,82";"0,35%";"1,58%";"4%";"5,74%";"";"";""
"2017/03/20";"1,10779";"123951162";"0";"-1375558,55";"-1,1%";"1,76%";"4,52%";"5,97%";"";"";""
"2017/03/17";"1,107801";"125327965";"0";"1497673,16";"1,21%";"2%";"4,9%";"6,21%";"";"";""
"2017/03/16";"1,108624";"123922287";"0";"841359,44";"0,68%";"2,08%";"4,97%";"6,35%";"";"";""
"2017/03/14";"1,107239";"122927163";"0";"3229,04";"0%";"2,08%";"4,89%";"6,28%";"";"";""
"2017/03/13";"1,108055";"123014525";"0";"2528716,7";"2,1%";"2,05%";"4,91%";"6,35%";"";"";""
"2017/03/10";"1,106361";"120301609";"0";"479112,89";"0,4%";"2,29%";"4,46%";"6,43%";"";"";""
"2017/03/09";"1,105035";"119678886";"0";"28818,67";"0,02%";"2,16%";"4,33%";"6,33%";"";"";""
"2017/03/08";"1,105759";"119728460";"0";"81916,91";"0,07%";"2,62%";"3,88%";"6,48%";"";"";""
"2017/03/07";"1,105537";"119622522";"0";"-1886366,8";"-1,55%";"2,88%";"3,74%";"6,33%";"";"";""
"2017/03/06";"1,10623";"121585056";"0";"412369,09";"0,34%";"3,24%";"3,9%";"6,44%";"";"";""
"2017/03/03";"1,108513";"121422759";"0";"256415,55";"0,21%";"3,89%";"4,45%";"6,74%";"";"";""
"2017/03/02";"1,107447";"121049824";"0";"-189182,73";"-0,16%";"3,79%";"4,35%";"6,74%";"";"";""
"2017/03/01";"1,107624";"121258384";"0";"2942025,19";"2,5%";"3,81%";"4,61%";"6,97%";"";"";""
"2017/02/28";"1,101263";"117636877";"0";"13900,37";"0,01%";"3,54%";"4,16%";"6,72%";"";"";""
"2017/02/27";"1,102865";"117794082";"0";"37821,71";"0,03%";"3,62%";"4,32%";"6,87%";"";"";""
"2017/02/24";"1,103514";"117825556";"0";"642412,9";"0,55%";"3,64%";"4,3%";"7,39%";"";"";""
"2017/02/23";"1,106777";"117529644";"0";"1437365,18";"1,24%";"4,19%";"4,58%";"7,76%";"";"";""
"2017/02/22";"1,106395";"116052210";"0";"-63931,14";"-0,06%";"4,25%";"4,6%";"7,57%";"";"";""
"2017/02/21";"1,105778";"116051387";"0";"-58256,18";"-0,05%";"4,35%";"4,48%";"7,85%";"";"";""
"2017/02/20";"1,101593";"115670207";"0";"919205,82";"0,8%";"3,99%";"4,09%";"7,44%";"";"";""
"2017/02/17";"1,100415";"114628291";"0";"2755101,09";"2,46%";"3,86%";"3,92%";"7,27%";"";"";""
"2017/02/16";"1,102099";"112044393";"0";"1638701";"1,48%";"4,04%";"3,99%";"7,95%";"";"";""
"2017/02/15";"1,103191";"110515086";"0";"1126359,53";"1,03%";"4,11%";"3,91%";"8,19%";"";"";""
"2017/02/14";"1,101158";"109187141";"0";"1026492,15";"0,95%";"4,08%";"3,79%";"8,41%";"";"";""
"2017/02/13";"1,100379";"108084132";"0";"269857,32";"0,25%";"3,86%";"3,71%";"8,33%";"";"";""
"2017/02/10";"1,098439";"107624195";"0";"105620,78";"0,1%";"3,61%";"3,67%";"8%";"";"";""
"2017/02/09";"1,096303";"107309496";"0";"545611,6";"0,51%";"3,47%";"3,41%";"7,85%";"";"";""
"2017/02/08";"1,094073";"106546715";"0";"85164,58";"0,08%";"3,18%";"3,32%";"7,38%";"";"";""
"2017/02/07";"1,0948";"106532293";"0";"29256,95";"0,03%";"3,38%";"3,51%";"7,1%";"";"";""
"2017/02/06";"1,093468";"106373458";"0";"550179,82";"0,52%";"3,57%";"3,39%";"6,97%";"";"";""
"2017/02/03";"1,094076";"105882119";"0";"-226059,36";"-0,21%";"3,35%";"3,88%";"6,72%";"";"";""
"2017/02/02";"1,09079";"105789488";"0";"2356276,83";"2,27%";"3,03%";"3,42%";"6,38%";"";"";""
"2017/02/01";"1,09385";"103723373";"0";"-183655,29";"-0,18%";"2,45%";"3,48%";"6,23%";"";"";""
"2017/01/31";"1,093259";"103850888";"0";"25,24";"0%";"2,4%";"3,32%";"6,17%";"";"";""
"2017/01/30";"1,094479";"103966753";"0";"26054,03";"0,02%";"2,51%";"3,43%";"6,28%";"";"";""
"2017/01/27";"1,098";"104275082";"0";"157023,06";"0,15%";"2,81%";"3,62%";"7,12%";"";"";""
"2017/01/26";"1,096089";"103936848";"0";"118364,88";"0,11%";"2,61%";"3,47%";"7,01%";"";"";""
"2017/01/25";"1,094675";"103684553";"0";"-100575,48";"-0,1%";"2,37%";"3,38%";"7,02%";"";"";""
"2017/01/24";"1,089335";"103278848";"0";"-59109,83";"-0,06%";"1,86%";"2,88%";"6,26%";"";"";""
"2017/01/23";"1,086758";"103093495";"0";"-1511874,21";"-1,44%";"1,85%";"2,64%";"6,01%";"";"";""
"2017/01/20";"1,087708";"104696811";"0";"714432,61";"0,69%";"2,15%";"2,67%";"6,85%";"";"";""
"2017/01/19";"1,086921";"103907143";"0";"461995,44";"0,45%";"2,24%";"2,66%";"6,43%";"";"";""
"2017/01/18";"1,086605";"103415073";"0";"37839,9";"0,04%";"2,39%";"2,57%";"6,55%";"";"";""
"2017/01/17";"1,085973";"103317106";"0";"41664,11";"0,04%";"2,62%";"2,34%";"6,25%";"";"";""
"2017/01/16";"1,087603";"103430454";"0";"-5630,84";"-0,01%";"2,85%";"2,5%";"6,41%";"";"";""
"2017/01/13";"1,087939";"103468040";"0";"1671168,83";"1,64%";"2,95%";"2,84%";"5,77%";"";"";""
"2017/01/12";"1,088097";"101811655";"0";"223619,83";"0,22%";"2,79%";"2,93%";"5,63%";"";"";""
"2017/01/11";"1,09138";"101894546";"0";"-73432,73";"-0,07%";"3,18%";"3,41%";"6,39%";"";"";""
"2017/01/10";"1,089159";"101760470";"0";"507279,28";"0,5%";"2,8%";"3,48%";"6,12%";"";"";""
"2017/01/09";"1,088897";"101228834";"0";"99112,17";"0,1%";"2,86%";"3,46%";"6,1%";"";"";""
"2017/01/06";"1,089038";"101142817";"0";"-157378,11";"-0,16%";"2,71%";"3,6%";"5,31%";"";"";""
"2017/01/05";"1,091192";"101500556";"0";"-229873,12";"-0,23%";"2,87%";"3,83%";"5,32%";"";"";""
"2017/01/04";"1,091773";"101784595";"0";"1518452,22";"1,51%";"2,77%";"3,81%";"5,55%";"";"";""
"2017/01/03";"1,09142";"100233724";"0";"459506,23";"0,46%";"2,86%";"3,73%";"5,22%";"";"";""
"2017/01/02";"1,087549";"99420343";"0";"408120,12";"0,41%";"2,51%";"3,36%";"4,84%";"";"";""
"2016/12/30";"1,086759";"98940300";"0";"3747003,44";"3,94%";"2,43%";"3,56%";"4,7%";"";"";""
"2016/12/29";"1,086497";"95170347";"0";"1186676,22";"1,26%";"2,43%";"3,63%";"4,46%";"";"";""
"2016/12/28";"1,085991";"93939901";"0";"-1925803,36";"-2,01%";"2,4%";"3,94%";"4,56%";"";"";""
"2016/12/27";"1,086077";"95873296";"0";"1009722,96";"1,06%";"2,59%";"4,43%";"4,52%";"";"";""
"2016/12/23";"1,086581";"94907595";"0";"955683,85";"1,02%";"2,32%";"3,64%";"4,57%";"";"";""
"2016/12/22";"1,087429";"94025234";"0";"487553,6";"0,52%";"2,19%";"3,95%";"5,02%";"";"";""
"2016/12/21";"1,087869";"93575528";"0";"1416734,38";"1,54%";"2,39%";"4,23%";"5,06%";"";"";""
"2016/12/20";"1,088636";"92223770";"0";"594771,28";"0,65%";"2,72%";"4,49%";"5,15%";"";"";""
"2016/12/19";"1,086402";"91440966";"0";"818126,32";"0,9%";"2,55%";"4,48%";"4,94%";"";"";""
"2016/12/16";"1,086037";"90592393";"0";"984146,67";"1,1%";"2,84%";"4,58%";"4,97%";"";"";""
"2016/12/15";"1,085416";"89557008";"0";"-509544,63";"-0,57%";"2,63%";"4,42%";"5,16%";"";"";""
"2016/12/14";"1,08469";"90006310";"0";"791754,8";"0,89%";"2,75%";"4,47%";"5,37%";"";"";""
"2016/12/13";"1,085774";"89303713";"0";"404797,23";"0,46%";"2,8%";"4,42%";"5,2%";"";"";""
"2016/12/12";"1,081697";"88565107";"0";"4122144,37";"4,88%";"2,13%";"3,79%";"4,8%";"";"";""
"2016/12/09";"1,081626";"84437420";"0";"2271163,77";"2,77%";"2,12%";"3,48%";"4,33%";"";"";""
"2016/12/08";"1,077575";"81858520";"0";"319104,83";"0,39%";"1,23%";"3,09%";"3,78%";"";"";""
"2016/12/07";"1,074548";"81310364";"0";"206475,75";"0,26%";"0,83%";"2,84%";"3,24%";"";"";""
"2016/12/06";"1,071509";"80874513";"0";"-160454,01";"-0,2%";"0,64%";"2,68%";"2,93%";"";"";""
"2016/12/05";"1,069847";"80909275";"0";"213903,54";"0,27%";"0,75%";"2,45%";"2,77%";"";"";""
"2016/12/02";"1,06701";"80481385";"0";"-183817,78";"-0,23%";"0,54%";"2,23%";"1,71%";"";"";""
"2016/12/01";"1,066982";"80663086";"0";"97955,7";"0,12%";"0,77%";"2,19%";"1,57%";"";"";""
"2016/11/30";"1,066408";"80521789";"0";"-29,39";"-0%";"0,68%";"1,85%";"1,5%";"";"";""
"2016/11/29";"1,065558";"80457637";"0";"-247137,76";"-0,31%";"0,7%";"1,87%";"1,37%";"";"";""
"2016/11/28";"1,063569";"80554129";"0";"269609,87";"0,34%";"0,6%";"1,68%";"1,18%";"";"";""
"2016/11/25";"1,064326";"80341662";"0";"33398,1";"0,04%";"0,69%";"1,79%";"1,22%";"";"";""
"2016/11/24";"1,064808";"80344633";"0";"5180,45";"0,01%";"0,64%";"1,84%";"1,3%";"";"";""
"2016/11/23";"1,062234";"80145245";"0";"-847,73";"-0%";"0,37%";"1,93%";"0,93%";"";"";""
"2016/11/22";"1,061289";"80074792";"0";"-37267,71";"-0,05%";"0,34%";"1,89%";"0,91%";"";"";""
"2016/11/21";"1,059704";"79992415";"0";"36343,02";"0,05%";"0,13%";"1,74%";"0,76%";"";"";""
"2016/11/18";"1,059303";"79925816";"0";"7323,55";"0,01%";"-0,01%";"1,68%";"0,8%";"";"";""
"2016/11/17";"1,059491";"79932676";"0";"711069,45";"0,9%";"0,05%";"1,8%";"0,86%";"";"";""
"2016/11/16";"1,059317";"79208596";"0";"390947,75";"0,5%";"-0,04%";"1,77%";"1,18%";"";"";""
"2016/11/15";"1,059685";"78845029";"0";"13307,41";"0,02%";"-0,19%";"1,8%";"1,3%";"";"";""
"2016/11/14";"1,058006";"78706818";"0";"153825,96";"0,2%";"-0,28%";"1,64%";"1,14%";"";"";""
"2016/11/11";"1,059488";"78663025";"0";"354730,36";"0,45%";"-0,16%";"1,74%";"1%";"";"";""
"2016/11/10";"1,060218";"78362250";"0";"73083,2";"0,09%";"0,06%";"1,66%";"0,96%";"";"";""
"2016/11/09";"1,05955";"78239840";"0";"42461,53";"0,05%";"-0,06%";"1,72%";"0,8%";"";"";""
"2016/11/08";"1,060342";"78255830";"0";"37223,28";"0,05%";"0,13%";"1,98%";"0,85%";"";"";""
"2016/11/07";"1,058974";"78117693";"0";"-11492,88";"-0,01%";"0,13%";"1,85%";"0,72%";"";"";""
"2016/11/04";"1,055777";"77893317";"0";"3514,76";"0%";"-0%";"1,65%";"0,22%";"";"";""
"2016/11/03";"1,058603";"78098290";"0";"-70022,15";"-0,09%";"0,51%";"1,8%";"0,73%";"";"";""
"2016/11/02";"1,058692";"78174884";"0";"-50173,06";"-0,06%";"0,38%";"1,41%";"0,92%";"";"";""
"2016/10/28";"1,067662";"78887836";"0";"16471,3";"0,02%";"0,89%";"1,94%";"1,74%";"";"";""
"2016/10/27";"1,068006";"78896777";"0";"19645,08";"0,02%";"0,79%";"1,81%";"1,84%";"";"";""
"2016/10/26";"1,068198";"78891312";"0";"-3208,92";"-0%";"0,84%";"1,65%";"1,83%";"";"";""
"2016/10/25";"1,069363";"78980565";"0";"12621,66";"0,02%";"0,99%";"1,85%";"2,41%";"";"";""
"2016/10/24";"1,069443";"78973851";"0";"-86493,91";"-0,11%";"1%";"1,77%";"2,42%";"";"";""
"2016/10/21";"1,066974";"78877820";"0";"13866,47";"0,02%";"0,72%";"1,48%";"2,52%";"";"";""
"2016/10/20";"1,064849";"78706887";"0";"129334,09";"0,16%";"0,51%";"1,31%";"2,26%";"";"";""
"2016/10/19";"1,063068";"78446129";"0";"-12410,21";"-0,02%";"0,41%";"1,07%";"2,07%";"";"";""
"2016/10/18";"1,061208";"78321264";"0";"61997,4";"0,08%";"0,18%";"1,03%";"1,83%";"";"";""
"2016/10/17";"1,058205";"78037809";"0";"545985,84";"0,71%";"-0,27%";"0,78%";"1,54%";"";"";""
"2016/10/14";"1,057481";"77438805";"0";"443899,37";"0,58%";"-0,24%";"0,69%";"1,62%";"";"";""
"2016/10/13";"1,056738";"76940808";"0";"151470,84";"0,2%";"-0,11%";"0,74%";"1,46%";"";"";""
"2016/10/12";"1,058525";"76919192";"0";"85493,37";"0,11%";"0,14%";"1,35%";"1,41%";"";"";""
"2016/10/11";"1,057776";"76779332";"0";"224789,32";"0,29%";"0,23%";"1,29%";"1,19%";"";"";""
"2016/10/10";"1,05946";"76676419";"0";"28675,24";"0,04%";"0,66%";"1,49%";"1,35%";"";"";""
"2016/10/07";"1,058666";"76590301";"0";"28260,02";"0,04%";"0,66%";"1,5%";"1,52%";"";"";""
"2016/10/06";"1,06031";"76680934";"0";"78592,09";"0,1%";"0,87%";"1,45%";"1,83%";"";"";""
"2016/10/05";"1,060763";"76635069";"0";"13689,73";"0,02%";"0,93%";"1,55%";"2,06%";"";"";""
"2016/10/04";"1,06232";"76733845";"0";"14084,29";"0,02%";"1,01%";"1,4%";"2,6%";"";"";""
"2016/10/03";"1,061066";"76629198";"0";"-71513,65";"-0,09%";"0,85%";"1,33%";"2,48%";"";"";""
"2016/09/30";"1,060959";"76692977";"0";"12048,42";"0,02%";"1,11%";"1,08%";"2,55%";"";"";""
"2016/09/29";"1,060677";"76660547";"0";"12058,17";"0,02%";"1,17%";"1,22%";"2,78%";"";"";""
"2016/09/28";"1,060526";"76637577";"0";"7560,27";"0,01%";"1,5%";"1,33%";"2,69%";"";"";""
"2016/09/27";"1,058676";"76496342";"0";"12403,61";"0,02%";"1,8%";"1,16%";"2,2%";"";"";""
"2016/09/26";"1,058164";"76446949";"0";"-503248,58";"-0,65%";"1,66%";"1,11%";"2,15%";"";"";""
"2016/09/23";"1,061919";"77223263";"0";"-1004692,17";"-1,28%";"1,29%";"1,48%";"2,78%";"";"";""
"2016/09/22";"1,064175";"78394147";"0";"-18255,39";"-0,02%";"1,73%";"1,81%";"2,97%";"";"";""
"2016/09/21";"1,062513";"78289940";"0";"1107,27";"0%";"1,8%";"1,67%";"2,48%";"";"";""
"2016/09/20";"1,059849";"78092542";"0";"-215836,47";"-0,28%";"1,72%";"1,39%";"2,51%";"";"";""
"2016/09/19";"1,059378";"78273578";"0";"541457,82";"0,7%";"1,88%";"1,34%";"2,46%";"";"";""
"2016/09/16";"1,056089";"77490789";"0";"422736,82";"0,55%";"1,7%";"1,31%";"1,76%";"";"";""
"2016/09/15";"1,057574";"77176420";"0";"36009,93";"0,05%";"1,74%";"1,51%";"1,96%";"";"";""
"2016/09/14";"1,055646";"76999780";"0";"10494,65";"0,01%";"1,67%";"1,32%";"1,91%";"";"";""
"2016/09/13";"1,056216";"77030856";"0";"14923,5";"0,02%";"1,58%";"1,38%";"1,85%";"";"";""
"2016/09/12";"1,059108";"77226808";"0";"21828,19";"0,03%";"1,62%";"1,66%";"2,13%";"";"";""
"2016/09/09";"1,059164";"77209062";"0";"36965,9";"0,05%";"1,33%";"1,91%";"2,24%";"";"";""
"2016/09/08";"1,064465";"77558334";"0";"10540,12";"0,01%";"1,83%";"2,5%";"2,79%";"";"";""
"2016/09/07";"1,065669";"77635507";"0";"37889,82";"0,05%";"1,99%";"2,5%";"3,02%";"";"";""
"2016/09/06";"1,064725";"77528879";"0";"704343,38";"0,92%";"2,03%";"2,45%";"2,94%";"";"";""
"2016/09/05";"1,061935";"76623225";"0";"-167031,76";"-0,22%";"1,69%";"2,18%";"2,67%";"";"";""
"2016/09/02";"1,061294";"76743905";"0";"55,37";"0%";"1,68%";"2,29%";"2,69%";"";"";""
"2016/09/01";"1,05884";"76566397";"0";"-133918,19";"-0,17%";"1,41%";"2,26%";"2,5%";"";"";""
"2016/08/31";"1,059287";"76732695";"0";"30748,64";"0,04%";"1,32%";"2,67%";"1,97%";"";"";""
"2016/08/30";"1,059225";"76697457";"0";"4407,5";"0,01%";"1,16%";"2,66%";"2,01%";"";"";""
"2016/08/29";"1,058137";"76614273";"0";"-1244,25";"-0%";"1,16%";"2,56%";"1,91%";"";"";""
"2016/08/26";"1,057235";"76550207";"0";"207897,05";"0,27%";"1,15%";"2,45%";"2,63%";"";"";""
"2016/08/25";"1,057006";"76325774";"0";"-7708,47";"-0,01%";"1,09%";"2,62%";"2,8%";"";"";""
"2016/08/24";"1,057996";"76404977";"0";"17023,01";"0,02%";"1,18%";"2,96%";"3,06%";"";"";""
"2016/08/23";"1,058335";"76412430";"0";"-752106,78";"-0,98%";"1,56%";"3,04%";"1,48%";"";"";""
"2016/08/22";"1,057724";"77119988";"0";"8028,72";"0,01%";"1,55%";"2,84%";"1,42%";"";"";""
"2016/08/19";"1,058329";"77156066";"0";"534399,08";"0,7%";"1,78%";"3,22%";"1,47%";"";"";""
"2016/08/18";"1,05936";"76696310";"0";"3133,76";"0%";"1,69%";"3,3%";"1,54%";"";"";""
"2016/08/17";"1,058945";"76663132";"0";"14924,97";"0,02%";"1,74%";"3,23%";"1,38%";"";"";""
"2016/08/16";"1,059765";"76707560";"0";"-14413117,03";"-15,79%";"1,81%";"3,8%";"1,53%";"";"";""
"2016/08/15";"1,061652";"91282925";"0";"17695,11";"0,02%";"1,99%";"4,12%";"1,71%";"";"";""
"2016/08/12";"1,060986";"91207977";"0";"20510,87";"0,02%";"1,91%";"4,45%";"1,58%";"";"";""
"2016/08/11";"1,061192";"91205171";"0";"34824,79";"0,04%";"1,9%";"4,77%";"1,32%";"";"";""
"2016/08/10";"1,059571";"91031081";"0";"62324,52";"0,07%";"1,59%";"4,18%";"1,16%";"";"";""
"2016/08/09";"1,060199";"91022673";"0";"78211,37";"0,09%";"1,78%";"4,3%";"1,34%";"";"";""
"2016/08/08";"1,058935";"90836035";"0";"15165,49";"0,02%";"1,85%";"3,93%";"1,22%";"";"";""
"2016/08/05";"1,057641";"90709888";"0";"9031,78";"0,01%";"1,79%";"3,47%";"0,8%";"";"";""
"2016/08/04";"1,055793";"90542376";"0";"55567,2";"0,06%";"1,65%";"3,11%";"1,01%";"";"";""
"2016/08/03";"1,053246";"90268518";"0";"15384,57";"0,02%";"1,28%";"2,73%";"0,8%";"";"";""
"2016/08/02";"1,054727";"90380041";"0";"-224127,21";"-0,25%";"1,03%";"2,86%";"0,79%";"";"";""
"2016/08/01";"1,057058";"90804408";"0";"-39767,6";"-0,04%";"1,12%";"2,66%";"1,01%";"";"";""
"2016/07/29";"1,058162";"90939054";"0";"37069,56";"0,04%";"1,23%";"2,76%";"1,36%";"";"";""
"2016/07/28";"1,058209";"90906022";"0";"-997552,41";"-1,08%";"1,04%";"3,2%";"1,43%";"";"";""
"2016/07/27";"1,059681";"92031415";"0";"49446,41";"0,05%";"1,02%";"3,38%";"1,63%";"";"";""
"2016/07/26";"1,059301";"91948984";"0";"7362,72";"0,01%";"0,8%";"3,42%";"1,17%";"";"";""
"2016/07/25";"1,058908";"91907511";"0";"13958,11";"0,02%";"0,86%";"3,52%";"1,14%";"";"";""
"2016/07/22";"1,058816";"91885569";"0";"29897,67";"0,03%";"0,76%";"3,29%";"1,02%";"";"";""
"2016/07/21";"1,05934";"91901130";"0";"865,14";"0%";"0,75%";"3,88%";"0,64%";"";"";""
"2016/07/20";"1,0594";"91905470";"0";"276990,16";"0,3%";"0,79%";"4,07%";"0,59%";"";"";""
"2016/07/19";"1,058722";"91569839";"0";"106673,41";"0,12%";"0,66%";"3,67%";"0,48%";"";"";""
"2016/07/18";"1,059351";"91517505";"0";"512573,75";"0,56%";"0,86%";"3,87%";"0,54%";"";"";""
"2016/07/15";"1,061104";"91155525";"0";"359438,03";"0,4%";"1,05%";"3,82%";"1,06%";"";"";""
"2016/07/14";"1,060061";"90706840";"0";"92063,9";"0,1%";"0,94%";"3,18%";"0,93%";"";"";""
"2016/07/13";"1,057914";"90431249";"0";"356726,17";"0,4%";"0,86%";"2,85%";"0,9%";"";"";""
"2016/07/12";"1,057093";"90004620";"0";"178864,53";"0,2%";"1,21%";"2,62%";"1%";"";"";""
"2016/07/11";"1,055359";"89678410";"0";"4,03";"0%";"1,06%";"2,88%";"0,84%";"";"";""
"2016/07/08";"1,052516";"89436824";"0";"-9,05";"-0%";"0,82%";"2,55%";"1,02%";"";"";""
"2016/07/07";"1,051739";"89370808";"0";"30640,69";"0,03%";"0,84%";"2,15%";"0,51%";"";"";""
"2016/07/06";"1,051179";"89292598";"0";"-38137,31";"-0,04%";"0,58%";"1,65%";"0,4%";"";"";""
"2016/07/05";"1,05098";"89313824";"0";"783880,94";"0,88%";"0,61%";"1,44%";"0,28%";"";"";""
"2016/07/04";"1,051714";"88591772";"0";"36190,54";"0,04%";"0,39%";"1,68%";"0,35%";"";"";""
"2016/07/01";"1,052164";"88593472";"0";"-39052,62";"-0,04%";"0,48%";"1,43%";"0,34%";"";"";""
"2016/06/30";"1,04935";"88395478";"0";"-3311989,4";"-3,61%";"-0,03%";"1,1%";"0,13%";"";"";""
"2016/06/29";"1,048396";"91624093";"0";"208980,06";"0,23%";"0,05%";"0,8%";"0,35%";"";"";""
"2016/06/28";"1,044831";"91104262";"0";"123349,95";"0,14%";"-0,17%";"0,6%";"-0,59%";"";"";""
"2016/06/27";"1,039996";"90559894";"0";"321415,21";"0,36%";"-0,63%";"0,08%";"-1,05%";"";"";""
"2016/06/24";"1,040836";"90311364";"0";"-430667,59";"-0,47%";"-0,54%";"0,16%";"-0,86%";"";"";""
"2016/06/23";"1,048437";"91404701";"0";"1729987,89";"1,93%";"0,19%";"0,9%";"-0,02%";"";"";""
"2016/06/22";"1,046107";"89475424";"0";"1150937,17";"1,31%";"0,09%";"1,03%";"-0,12%";"";"";""
"2016/06/21";"1,043758";"88126157";"0";"-23,8";"-0%";"-0,12%";"0,8%";"0,06%";"";"";""
"2016/06/20";"1,041905";"87969729";"0";"341286,13";"0,39%";"-0,33%";"0,64%";"-0,12%";"";"";""
"2016/06/17";"1,039821";"87453170";"0";"302116,81";"0,35%";"-0,31%";"0,37%";"-0,15%";"";"";""
"2016/06/16";"1,03846";"87036983";"0";"540812,61";"0,62%";"-0,38%";"0,37%";"-0,3%";"";"";""
"2016/06/15";"1,039463";"86579713";"0";"279335,13";"0,32%";"-0,23%";"0,71%";"-0,18%";"";"";""
"2016/06/14";"1,038302";"86203987";"0";"262121,55";"0,3%";"-0,34%";"0,87%";"-0,75%";"";"";""
"2016/06/13";"1,039766";"86063043";"0";"145070,62";"0,17%";"-0,2%";"0,74%";"-0,61%";"";"";""
"2016/06/10";"1,042202";"86119264";"0";"109136,35";"0,13%";"0,25%";"0,46%";"-0,31%";"";"";""
"2016/06/09";"1,045254";"86262001";"0";"644218,08";"0,75%";"0,58%";"0,82%";"0,12%";"";"";""
"2016/06/08";"1,045298";"85621387";"0";"241533,03";"0,28%";"0,66%";"0,67%";"-0,29%";"";"";""
"2016/06/07";"1,044898";"85347182";"0";"170859,7";"0,2%";"0,5%";"0,39%";"-0,62%";"";"";""
"2016/06/06";"1,043538";"85065460";"0";"93901,91";"0,11%";"0,41%";"0,24%";"-0,75%";"";"";""
"2016/06/03";"1,044307";"85034175";"0";"254684,26";"0,3%";"0,56%";"-0,01%";"-1,2%";"";"";""
"2016/06/02";"1,043777";"84736464";"0";"-15,12";"-0%";"0,6%";"-0,5%";"-1,18%";"";"";""
"2016/06/01";"1,044116";"84764000";"0";"-2503490,03";"-2,86%";"0,83%";"-0,61%";"-1,32%";"";"";""
"2016/05/31";"1,045536";"87386174";"0";"736735,8";"0,85%";"1,34%";"-0,49%";"-1,22%";"";"";""
"2016/05/30";"1,047049";"86774829";"0";"-36444,76";"-0,04%";"1,48%";"-0,34%";"-1,07%";"";"";""
"2016/05/27";"1,045997";"86724052";"0";"86025,57";"0,1%";"1,36%";"-0,49%";"-1,35%";"";"";""
"2016/05/26";"1,045208";"86572675";"0";"93244,01";"0,11%";"1,28%";"-0,72%";"-1,29%";"";"";""
"2016/05/25";"1,04566";"86516829";"0";"64712,82";"0,07%";"1,52%";"-0,56%";"-1,36%";"";"";""
"2016/05/24";"1,045611";"86448065";"0";"6914,97";"0,01%";"1,76%";"-0,53%";"-1,36%";"";"";""
"2016/05/23";"1,042094";"86150398";"0";"2009769,67";"2,39%";"1,46%";"-0,98%";"-1,69%";"";"";""
"2016/05/20";"1,041611";"84101630";"0";"92813,9";"0,11%";"1,59%";"-0,97%";"-1,84%";"";"";""
"2016/05/19";"1,039771";"83860415";"0";"-31541,78";"-0,04%";"1,41%";"-1,01%";"-1,94%";"";"";""
"2016/05/18";"1,041771";"84053323";"0";"462349,68";"0,55%";"1,58%";"-0,87%";"-1,48%";"";"";""
"2016/05/17";"1,040796";"83512740";"0";"367111,01";"0,44%";"1,46%";"-0,92%";"-1,49%";"";"";""
"2016/05/13";"1,040937";"83156893";"0";"21513,11";"0,03%";"2,48%";"-0,5%";"-1,19%";"";"";""
"2016/05/12";"1,041145";"83151992";"0";"179846,29";"0,22%";"2,5%";"-0,67%";"-1,07%";"";"";""
"2016/05/11";"1,041395";"82992069";"0";"305881,74";"0,37%";"2,82%";"-0,73%";"-1,23%";"";"";""
"2016/05/10";"1,042949";"82809574";"0";"200007,21";"0,24%";"2,55%";"-0,69%";"-0,92%";"";"";""
"2016/05/09";"1,041674";"82508577";"0";"13362,66";"0,02%";"2,47%";"-0,9%";"-1,04%";"";"";""
"2016/05/06";"1,039722";"82340626";"0";"21777,57";"0,03%";"1,72%";"-1,12%";"-1,05%";"";"";""
"2016/05/05";"1,039041";"82264931";"0";"54876,99";"0,07%";"1,65%";"-1,29%";"-1,3%";"";"";""
"2016/05/04";"1,038628";"82177377";"0";"4279,24";"0,01%";"1,44%";"-1,41%";"-1,66%";"";"";""
"2016/05/03";"1,039921";"82275396";"0";"119882,75";"0,15%";"1,43%";"-1,05%";"-1,37%";"";"";""
"2016/05/02";"1,043923";"82471678";"0";"5349,16";"0,01%";"1,81%";"-0,48%";"-0,99%";"";"";""
"2016/04/29";"1,04533";"82577477";"0";"90051,64";"0,11%";"1,51%";"-0,24%";"-1,32%";"";"";""
"2016/04/28";"1,047321";"82644536";"0";"104256,16";"0,13%";"2,14%";"-0,2%";"-1,55%";"";"";""
"2016/04/27";"1,049028";"82674810";"0";"4158,76";"0,01%";"2,34%";"0,03%";"-1,61%";"";"";""
"2016/04/26";"1,050847";"82814001";"0";"-124685,06";"-0,15%";"2,6%";"0,17%";"-1,1%";"";"";""
"2016/04/25";"1,049894";"82863470";"0";"31246,43";"0,04%";"2,64%";"0,54%";"-1,19%";"";"";""
"2016/04/22";"1,050792";"82903072";"0";"35492,28";"0,04%";"2,5%";"0,63%";"-1,02%";"";"";""
"2016/04/21";"1,051406";"82916001";"0";"158167,91";"0,19%";"3,1%";"1,02%";"-0,81%";"";"";""
"2016/04/20";"1,05107";"82731386";"0";"59851,59";"0,07%";"3,25%";"0,94%";"-0,95%";"";"";""
"2016/04/19";"1,051769";"82726514";"0";"17833,67";"0,02%";"2,98%";"0,99%";"-0,73%";"";"";""
"2016/04/18";"1,050354";"82597408";"0";"486354,73";"0,59%";"2,99%";"0,79%";"-0,87%";"";"";""
"2016/04/15";"1,050049";"82087210";"0";"288458,39";"0,35%";"2,74%";"0,76%";"-1,11%";"";"";""
"2016/04/14";"1,050235";"81813241";"0";"207757,46";"0,25%";"2,22%";"0,92%";"-0,97%";"";"";""
"2016/04/13";"1,048941";"81504937";"0";"10784,81";"0,01%";"1,98%";"0,71%";"-1,18%";"";"";""
"2016/04/12";"1,044444";"81144772";"0";"-72326,16";"-0,09%";"1,4%";"0,06%";"-1,53%";"";"";""
"2016/04/11";"1,044294";"81205434";"0";"15782,23";"0,02%";"1,8%";"-0,1%";"-1,55%";"";"";""
"2016/04/08";"1,043927";"81161119";"0";"52251,92";"0,06%";"1,72%";"-0,1%";"-0,85%";"";"";""
"2016/04/07";"1,04299";"81036066";"0";"150026,44";"0,19%";"1,3%";"0,01%";"-0,63%";"";"";""
"2016/04/06";"1,04513";"81052001";"0";"2433,98";"0%";"1,06%";"0,37%";"-0,12%";"";"";""
"2016/04/05";"1,044597";"81008233";"0";"28072,19";"0,03%";"0,82%";"0,51%";"-0,17%";"";"";""
"2016/04/04";"1,047644";"81216373";"0";"15,98";"0%";"1,28%";"1,19%";"0,12%";"";"";""
"2016/04/01";"1,047118";"81175580";"0";"524752,74";"0,65%";"0,95%";"1,22%";"0,13%";"";"";""
"2016/03/31";"1,048948";"80791777";"0";"220390,72";"0,27%";"1,12%";"1,39%";"0,37%";"";"";""
"2016/03/30";"1,049613";"80622466";"0";"451395,49";"0,56%";"1,12%";"1,46%";"0,36%";"";"";""
"2016/03/29";"1,047895";"80039847";"0";"1235678,49";"1,57%";"0,75%";"1,54%";"0,52%";"";"";""
"2016/03/25";"1,046573";"78704751";"0";"406450,67";"0,52%";"0,72%";"1,03%";"0,21%";"";"";""
"2016/03/24";"1,046521";"78294410";"0";"62046,3";"0,08%";"0,71%";"1,33%";"-0,14%";"";"";""
"2016/03/23";"1,046479";"78229224";"0";"-2414,13";"-0%";"0,71%";"1,28%";"-0,42%";"";"";""
"2016/03/22";"1,045212";"78136921";"0";"413290,95";"0,53%";"0,94%";"1,13%";"-0,52%";"";"";""
"2016/03/21";"1,045057";"77712104";"0";"7651,84";"0,01%";"0,92%";"0,8%";"-0,54%";"";"";""
"2016/03/18";"1,045336";"77725197";"0";"485474,98";"0,63%";"0,97%";"1,11%";"0,04%";"";"";""
"2016/03/17";"1,043012";"77068002";"0";"313583,89";"0,41%";"0,68%";"0,5%";"0,02%";"";"";""
"2016/03/16";"1,042411";"76710191";"0";"152025,5";"0,2%";"0,75%";"0,44%";"-0,19%";"";"";""
"2016/03/11";"1,041846";"76516670";"0";"138586,43";"0,18%";"0,94%";"0,46%";"0,1%";"";"";""
"2016/03/10";"1,039566";"76210936";"0";"47633,91";"0,06%";"0,2%";"0,24%";"0,14%";"";"";""
"2016/03/09";"1,039267";"76141396";"0";"2027,68";"0%";"0,24%";"0,32%";"-0,18%";"";"";""
"2016/03/08";"1,038466";"76080685";"0";"66169,37";"0,09%";"0,01%";"0,28%";"-0,32%";"";"";""
"2016/03/07";"1,039705";"76105209";"0";"13002,55";"0,02%";"-0,1%";"0,51%";"-0,21%";"";"";""
"2016/03/04";"1,039284";"76061395";"0";"2001640,91";"2,63%";"-0,17%";"0,48%";"-0,43%";"";"";""
"2016/03/03";"1,038527";"74005810";"0";"28218,54";"0,04%";"-0,57%";"0,11%";"-0,47%";"";"";""
"2016/03/02";"1,037543";"73907498";"0";"-11,26";"-0%";"-1,1%";"0,39%";"-0,58%";"";"";""
"2016/03/01";"1,035475";"73760199";"0";"";"";"-1,43%";"0,24%";"-0,61%";"";"";""
"2016/02/29";"1,031752";"73386701";"0";"13604,13";"0,02%";"-1,84%";"-0,63%";"-0,97%";"";"";""
"2016/02/26";"1,031953";"73387391";"0";"4550,7";"0,01%";"-1,98%";"0,17%";"-0,91%";"";"";""
"2016/02/25";"1,029989";"73243179";"0";"14671,95";"0,02%";"-2,05%";"0,17%";"-1,13%";"";"";""
"2016/02/24";"1,027561";"73055885";"0";"";"";"-2,25%";"0,1%";"-1,37%";"";"";""
"2016/02/23";"1,02709";"73017236";"0";"33094,58";"0,05%";"-2,41%";"-1,52%";"-1,13%";"";"";""
"2016/02/22";"1,028503";"73084548";"0";"19933,1";"0,03%";"-2,21%";"-1,39%";"-0,85%";"";"";""
"2016/02/19";"1,025312";"72837927";"0";"720356,24";"0,99%";"-2,38%";"-1,69%";"-1,13%";"";"";""
"2016/02/18";"1,025547";"72134100";"0";"13452,79";"0,02%";"-2,42%";"-1,7%";"-1,06%";"";"";""
"2016/02/17";"1,025858";"72142518";"0";"399409,64";"0,55%";"-2,35%";"-1,79%";"-1,12%";"";"";""
"2016/02/16";"1,020945";"71399519";"0";"";"";"-2,49%";"-2,19%";"-1,63%";"";"";""
"2016/02/15";"1,019633";"71077349";"0";"11391,37";"0,02%";"-2,53%";"-2,31%";"-1,67%";"";"";""
"2016/02/12";"1,015753";"70795531";"0";"";"";"-3,09%";"-2,75%";"-2,03%";"";"";""
"2016/02/11";"1,012882";"70566904";"0";"17885,08";"0,03%";"-3,44%";"-3,29%";"-1,99%";"";"";""
"2016/02/10";"1,017037";"70838422";"0";"23288,5";"0,03%";"-3,15%";"-2,9%";"-1,76%";"";"";""
"2016/02/09";"1,016521";"70779205";"0";"28801,04";"0,04%";"-3,29%";"-2,83%";"-1,6%";"";"";""
"2016/02/08";"1,018854";"70912782";"0";"14877,57";"0,02%";"-3,1%";"-2,61%";"-1,41%";"";"";""
"2016/02/05";"1,022183";"71129556";"0";"57477,32";"0,08%";"-2,89%";"-2,58%";"-1,44%";"";"";""
"2016/02/04";"1,023911";"71192226";"0";"33108,07";"0,05%";"-2,8%";"-2,04%";"-1,31%";"";"";""
"2016/02/03";"1,025214";"71249673";"0";"27455,76";"0,04%";"-2,45%";"-1,88%";"-1,41%";"";"";""
"2016/02/02";"1,025358";"71232221";"0";"-25282,59";"-0,04%";"-2,25%";"-2,02%";"-1,36%";"";"";""
"2016/02/01";"1,029686";"71558279";"0";"6153,7";"0,01%";"-1,52%";"-1,6%";"-0,79%";"";"";""
"2016/01/29";"1,029761";"71557337";"0";"-62,26";"-0%";"-1,72%";"-1,36%";"-0,96%";"";"";""
"2016/01/28";"1,025428";"71256302";"0";"76049,88";"0,11%";"-2,28%";"-1,71%";"-1,44%";"";"";""
"2016/01/27";"1,025011";"71151306";"0";"27802,99";"0,04%";"-2,26%";"-1,7%";"-1,79%";"";"";""
"2016/01/26";"1,024243";"71070213";"0";"-3524,06";"-0%";"-2,36%";"-2,17%";"-1,94%";"";"";""
"2016/01/25";"1,022912";"70981377";"0";"18929,51";"0,03%";"-2,04%";"-2,3%";"-2%";"";"";""
"2016/01/22";"1,025128";"71116178";"0";"353743,73";"0,5%";"-1,83%";"-2,19%";"-1,19%";"";"";""
"2016/01/21";"1,019814";"70395620";"0";"176987,05";"0,25%";"-2,01%";"-3,12%";"-1,44%";"";"";""
"2016/01/20";"1,017953";"70090495";"0";"28718,18";"0,04%";"-2,25%";"-3,35%";"-1,54%";"";"";""
"2016/01/19";"1,021288";"70291312";"0";"51213,48";"0,07%";"-1,94%";"-3,07%";"-1,03%";"";"";""
"2016/01/18";"1,019835";"70140167";"0";"17256,22";"0,02%";"-2,14%";"-3,21%";"-1,33%";"";"";""
"2016/01/15";"1,022063";"70276106";"0";"-58701,62";"-0,08%";"-1,92%";"-2,66%";"-0,83%";"";"";""
"2016/01/14";"1,02738";"70700705";"0";"-177970,09";"-0,25%";"-1,27%";"-2,18%";"0,02%";"";"";""
"2016/01/13";"1,028558";"70959945";"0";"-743030,51";"-1,05%";"-1,24%";"-1,9%";"0,16%";"";"";""
"2016/01/12";"1,030057";"71807474";"0";"-10766,62";"-0,01%";"-1,32%";"-1,58%";"0,63%";"";"";""
"2016/01/11";"1,025784";"71520316";"0";"-2036432,48";"-2,85%";"-1,87%";"-1,99%";"0,19%";"";"";""
"2016/01/08";"1,026323";"73595399";"0";"57042,26";"0,08%";"-1,79%";"-1,49%";"-0,08%";"";"";""
"2016/01/07";"1,029589";"73772373";"0";"1455803,4";"1,97%";"-1,27%";"-1,61%";"0,83%";"";"";""
"2016/01/06";"1,034123";"72635030";"0";"499997,59";"0,69%";"-0,68%";"-1,23%";"1,75%";"";"";""
"2016/01/05";"1,036074";"72271124";"0";"-24655,82";"-0,03%";"-0,31%";"-1,14%";"1,81%";"";"";""
"2016/01/04";"1,034375";"72177226";"0";"32,17";"0%";"-0,09%";"-1,3%";"1,68%";"";"";""
"2015/12/31";"1,037305";"72381645";"0";"67656,93";"0,09%";"0,27%";"-1,02%";"1,96%";"";"";""
"2015/12/30";"1,037975";"72360696";"0";"9616,21";"0,01%";"0,33%";"-0,96%";"2,02%";"";"";""
"2015/12/29";"1,040066";"72496831";"0";"198096,76";"0,27%";"0,78%";"-0,45%";"2,17%";"";"";""
"2015/12/28";"1,038615";"72197870";"0";"742096,33";"1,03%";"0,57%";"-1,18%";"2,3%";"";"";""
"2015/12/23";"1,039131";"71491274";"0";"102151,2";"0,14%";"0,57%";"-0,91%";"2,35%";"";"";""
"2015/12/22";"1,035474";"71137884";"0";"-243898,78";"-0,34%";"0,19%";"-1,14%";"1,79%";"";"";""
"2015/12/21";"1,035502";"71383713";"0";"6391,97";"0,01%";"-0,12%";"-0,73%";"2,22%";"";"";""
"2015/12/18";"1,035302";"71363535";"0";"38033,19";"0,05%";"0,13%";"-0,54%";"2,39%";"";"";""
"2015/12/17";"1,035957";"71370627";"0";"344818,66";"0,48%";"-0,18%";"-0,52%";"3,46%";"";"";""
"2015/12/16";"1,034606";"70933183";"0";"169119,98";"0,24%";"-0,31%";"-0,67%";"3,51%";"";"";""
"2015/12/15";"1,032118";"70593891";"0";"634544,5";"0,9%";"-0,49%";"-0,89%";"3,01%";"";"";""
"2015/12/14";"1,029387";"69774233";"0";"585616,7";"0,84%";"-0,62%";"-1,6%";"2,2%";"";"";""
"2015/12/11";"1,032108";"69371504";"0";"205158,32";"0,3%";"-0,48%";"-1,37%";"2,14%";"";"";""
"2015/12/10";"1,037458";"69524874";"0";"6498,06";"0,01%";"0,03%";"-0,77%";"2,67%";"";"";""
"2015/12/09";"1,036749";"69470867";"0";"9571,63";"0,01%";"0,07%";"-0,7%";"2,38%";"";"";""
"2015/12/08";"1,038352";"69568695";"0";"6237,27";"0,01%";"0,27%";"-0,95%";"2,07%";"";"";""
"2015/12/07";"1,04079";"69725787";"0";"49477,51";"0,07%";"0,62%";"-1,01%";"2,21%";"";"";""
"2015/12/04";"1,041038";"69692912";"0";"10921,88";"0,02%";"0,65%";"-1,08%";"2,34%";"";"";""
"2015/12/03";"1,04443";"69909034";"0";"971234,9";"1,39%";"0,68%";"-1,19%";"2,67%";"";"";""
"2015/12/02";"1,049037";"69241885";"0";"37,39";"0%";"1,5%";"-0,68%";"3,62%";"";"";""
"2015/12/01";"1,050472";"69336565";"0";"729925,65";"1,05%";"1,69%";"-0,72%";"3,76%";"";"";""
"2015/11/30";"1,050632";"68617089";"0";"16893,29";"0,02%";"1,19%";"-0,73%";"3,43%";"";"";""
"2015/11/27";"1,051136";"68633104";"0";"-141486,15";"-0,21%";"1,35%";"-0,87%";"3,44%";"";"";""
"2015/11/26";"1,052803";"68883660";"0";"62,32";"0%";"2,2%";"-0,57%";"3,76%";"";"";""
"2015/11/25";"1,051507";"68798802";"0";"189725,02";"0,28%";"2,26%";"-0,8%";"3,81%";"";"";""
"2015/11/24";"1,051193";"68588589";"0";"33794,15";"0,05%";"2,4%";"-0,83%";"3,89%";"";"";""
"2015/11/23";"1,052438";"68635989";"0";"4023,66";"0,01%";"0,91%";"-0,72%";"4,16%";"";"";""
"2015/11/20";"1,051763";"68587947";"0";"-11948,43";"-0,02%";"0,84%";"-0,88%";"4,6%";"";"";""
"2015/11/19";"1,050362";"68508517";"0";"-2326177,56";"-3,4%";"0,71%";"-0,94%";"4,34%";"";"";""
"2015/11/18";"1,050947";"70874146";"0";"64055,03";"0,09%";"0,73%";"-0,61%";"4,22%";"";"";""
"2015/11/17";"1,050494";"70779569";"0";"279392,36";"0,39%";"0,57%";"-0,57%";"4,28%";"";"";""
"2015/11/16";"1,046989";"70264951";"0";"139067,58";"0,2%";"0,31%";"-0,9%";"3,9%";"";"";""
"2015/11/13";"1,04612";"70067679";"0";"207633,2";"0,3%";"0,05%";"-0,7%";"3,89%";"";"";""
"2015/11/12";"1,048175";"69997279";"0";"-6834,64";"-0,01%";"0,35%";"-0,4%";"3,96%";"";"";""
"2015/11/11";"1,049003";"70059413";"0";"6548,37";"0,01%";"0,16%";"-0,51%";"4%";"";"";""
"2015/11/10";"1,050149";"70129395";"0";"1460251,45";"2,08%";"0,26%";"-0,24%";"4,04%";"";"";""
"2015/11/09";"1,051135";"68733618";"0";"-10233,31";"-0,01%";"0,48%";"-0,15%";"4,3%";"";"";""
"2015/11/06";"1,051452";"68764583";"0";"2495979,06";"3,63%";"0,39%";"0,06%";"4,31%";"";"";""
"2015/11/05";"1,052656";"66344487";"0";"15784,64";"0,02%";"0,33%";"-0%";"4,47%";"";"";""
"2015/11/04";"1,053456";"66379111";"0";"22764,32";"0,03%";"0,79%";"-0,25%";"4,71%";"";"";""
"2015/11/03";"1,050927";"66197047";"0";"2022382,71";"3,06%";"0,58%";"-0,33%";"4,29%";"";"";""
"2015/11/02";"1,048994";"64056626";"0";"2009,31";"0%";"0,24%";"-0,51%";"4,21%";"";"";""
"2015/10/30";"1,045565";"63845232";"0";"14942,25";"0,02%";"0,14%";"-0,83%";"4,19%";"";"";""
"2015/10/29";"1,047833";"63968748";"0";"274336,03";"0,43%";"0,37%";"-1,08%";"4,75%";"";"";""
"2015/10/28";"1,049376";"63788206";"0";"6231,45";"0,01%";"0,58%";"-1,36%";"4,94%";"";"";""
"2015/10/27";"1,048694";"63740522";"0";"7388,13";"0,01%";"0,58%";"-1,64%";"4,87%";"";"";""
"2015/10/26";"1,049025";"63753250";"0";"12107,57";"0,02%";"0,19%";"-1,27%";"";"";"";""
"2015/10/22";"1,044223";"63449362";"0";"1560677,81";"2,46%";"-0,37%";"-1,64%";"";"";"";""
"2015/10/21";"1,040778";"61684507";"0";"41457,46";"0,07%";"-1,12%";"-1,81%";"";"";"";""
"2015/10/20";"1,041333";"61675921";"0";"34255,78";"0,06%";"-1,13%";"-1,87%";"";"";"";""
"2015/10/19";"1,041496";"61651314";"0";"296115,78";"0,48%";"-1,15%";"-1,7%";"";"";"";""
"2015/10/16";"1,042114";"61391605";"0";"96783,73";"0,16%";"-1,06%";"-2,17%";"";"";"";""
"2015/10/15";"1,04211";"61294586";"0";"102490,98";"0,17%";"-0,75%";"-1,85%";"";"";"";""
"2015/10/14";"1,040631";"61105249";"0";"5734,38";"0,01%";"-0,92%";"-1,88%";"";"";"";""
"2015/10/13";"1,041514";"61151359";"0";"7329,12";"0,01%";"-0,66%";"-1,88%";"";"";"";""
"2015/10/12";"1,04383";"61279995";"0";"10377,73";"0,02%";"-0,26%";"-1,59%";"";"";"";""
"2015/10/09";"1,045319";"61357017";"0";"7252,09";"0,01%";"-0,06%";"-1,21%";"";"";"";""
"2015/10/08";"1,04498";"61329869";"0";"39491,64";"0,06%";"0,3%";"-0,75%";"";"";"";""
"2015/10/07";"1,042862";"61166152";"0";"2376,18";"0%";"-0,34%";"-0,65%";"";"";"";""
"2015/10/06";"1,041239";"61068587";"0";"8163,71";"0,01%";"-0,55%";"-0,49%";"";"";"";""
"2015/10/05";"1,039312";"60947420";"0";"17790,89";"0,03%";"-0,83%";"-0,68%";"";"";"";""
"2015/10/02";"1,035358";"60697826";"0";"8,41";"0%";"-1,26%";"-1,05%";"";"";"";""
"2015/10/01";"1,034501";"60647576";"0";"4298,18";"0,01%";"-1,35%";"-1,08%";"";"";"";""
"2015/09/30";"1,034548";"60646033";"0";"11593,33";"0,02%";"-1,29%";"-1,08%";"";"";"";""
"2015/09/29";"1,032019";"60486216";"0";"6344,91";"0,01%";"-1,22%";"-1%";"";"";"";""
"2015/09/28";"1,032748";"60522593";"0";"1937,18";"0%";"-1,74%";"-0,93%";"";"";"";""
"2015/09/25";"1,035915";"60706247";"0";"29103,93";"0,05%";"-1,38%";"-0,81%";"";"";"";""
"2015/09/24";"1,032743";"60491348";"0";"-522552,1";"-0,86%";"-1,63%";"-1,46%";"";"";"";""
"2015/09/23";"1,03322";"61042081";"0";"7";"0%";"-1,48%";"-1,69%";"";"";"";""
"2015/09/22";"1,033522";"61059916";"0";"21915,95";"0,04%";"-1,32%";"-1,63%";"";"";"";""
"2015/09/21";"1,036783";"61230589";"0";"56549,35";"0,09%";"-0,61%";"-1,32%";"";"";"";""
"2015/09/18";"1,03391";"61004522";"0";"80605,58";"0,13%";"-0,67%";"-1,05%";"";"";"";""
"2015/09/17";"1,037848";"61155966";"0";"219897,88";"0,36%";"-0,34%";"-0,48%";"";"";"";""
"2015/09/16";"1,037796";"60933015";"0";"405566,7";"0,67%";"-0,37%";"-0,63%";"";"";"";""
"2015/09/15";"1,037241";"60495079";"0";"3598,99";"0,01%";"-0,4%";"-0,34%";"";"";"";""
"2015/09/14";"1,035858";"60410824";"0";"-35574,38";"-0,06%";"-0,98%";"-0,47%";"";"";"";""
"2015/09/11";"1,037069";"60517065";"0";"5347,23";"0,01%";"-0,89%";"-0,36%";"";"";"";""
"2015/09/10";"1,037127";"60515102";"0";"-26,3";"-0%";"-0,8%";"-0,09%";"";"";"";""
"2015/09/09";"1,035988";"60448669";"0";"9223,26";"0,02%";"-0,77%";"-0,49%";"";"";"";""
"2015/09/08";"1,035571";"60415118";"0";"1659,09";"0%";"-1,22%";"-0,6%";"";"";"";""
"2015/09/07";"1,034383";"60344153";"0";"10074,57";"0,02%";"-1,62%";"-0,72%";"";"";"";""
"2015/09/04";"1,034333";"60331162";"0";"1975,96";"0%";"-1,72%";"-0,9%";"";"";"";""
"2015/09/03";"1,037385";"60507199";"0";"44132,36";"0,07%";"-1,85%";"-0,58%";"";"";"";""
"2015/09/02";"1,033497";"60236458";"0";"-3,48";"-0%";"-2,15%";"-0,96%";"";"";"";""
"2015/09/01";"1,032992";"60207028";"0";"3677,68";"0,01%";"-2,38%";"-0,85%";"";"";"";""
"2015/08/31";"1,03879";"60541261";"0";"-34690,62";"-0,06%";"-1,85%";"-0,29%";"";"";"";""
"2015/08/28";"1,038323";"60548719";"0";"12645,53";"0,02%";"-1,95%";"-0,34%";"";"";"";""
"2015/08/27";"1,037155";"60467977";"0";"3940,96";"0,01%";"-2,19%";"-0,45%";"";"";"";""
"2015/08/26";"1,030161";"60056300";"0";"6992";"0,01%";"-2,71%";"-1,08%";"";"";"";""
"2015/08/25";"1,028255";"59938205";"0";"3933,81";"0,01%";"-3%";"-1,29%";"";"";"";""
"2015/08/24";"1,026577";"59836465";"0";"299717,74";"0,5%";"-3,16%";"-1,46%";"";"";"";""
"2015/08/19";"1,042951";"60486364";"0";"9908,6";"0,02%";"-1,64%";"0,57%";"";"";"";""
"2015/08/18";"1,043334";"60498664";"0";"-479806,98";"-0,79%";"-1,33%";"0,66%";"";"";"";""
"2015/08/17";"1,044514";"61047437";"0";"39759,7";"0,07%";"-1,14%";"0,68%";"";"";"";""
"2015/08/14";"1,043775";"60964514";"0";"216922,01";"0,36%";"-0,92%";"0,66%";"";"";"";""
"2015/08/13";"1,045551";"60850955";"0";"84517,61";"0,14%";"-0,75%";"0,83%";"";"";"";""
"2015/08/12";"1,044481";"60704250";"0";"-10452,75";"-0,02%";"-0,75%";"0,74%";"";"";"";""
"2015/08/11";"1,047373";"60882812";"0";"6448,95";"0,01%";"-0,66%";"1,35%";"";"";"";""
"2015/08/10";"1,047397";"60877758";"0";"13491,92";"0,02%";"-0,5%";"1,17%";"";"";"";""
"2015/08/07";"1,046142";"60791338";"0";"6397,8";"0,01%";"-0,29%";"1,23%";"";"";"";""
"2015/08/06";"1,047343";"60854723";"0";"39977,28";"0,07%";"-0,33%";"1,34%";"";"";"";""
"2015/08/05";"1,049203";"60922748";"0";"5422,93";"0,01%";"-0,33%";"1,17%";"";"";"";""
"2015/08/04";"1,04519";"60684328";"0";"9204,68";"0,02%";"-1,03%";"0,74%";"";"";"";""
"2015/08/03";"1,044836";"60654573";"0";"143690,1";"0,24%";"-0,9%";"0,47%";"";"";"";""
"2015/07/31";"1,046479";"60606036";"0";"2611,61";"0%";"-0,75%";"0,83%";"";"";"";""
"2015/07/30";"1,044138";"60467853";"0";"47373,85";"0,08%";"-0,97%";"0,61%";"";"";"";""
"2015/07/29";"1,043967";"60410584";"0";"7192,52";"0,01%";"-1,45%";"0,4%";"";"";"";""
"2015/07/28";"1,043273";"60363237";"0";"-39,1";"-0%";"-1,93%";"0,28%";"";"";"";""
"2015/07/27";"1,04269";"60329544";"0";"27,72";"0%";"-2,21%";"-0,09%";"";"";"";""
"2015/07/24";"1,047005";"60579180";"0";"3922,39";"0,01%";"-1,46%";"0,3%";"";"";"";""
"2015/07/23";"1,047134";"60582721";"0";"16506,39";"0,03%";"-1,59%";"0,32%";"";"";"";""
"2015/07/22";"1,048094";"60621741";"0";"-98542,16";"-0,16%";"-1,27%";"1,02%";"";"";"";""
"2015/07/21";"1,052612";"60982029";"0";"15377,41";"0,03%";"-0,7%";"1,73%";"";"";"";""
"2015/07/20";"1,05319";"61000129";"0";"4863,03";"0,01%";"-0,76%";"1,87%";"";"";"";""
"2015/07/17";"1,053659";"61022428";"0";"174455,04";"0,29%";"-0,56%";"1,94%";"";"";"";""
"2015/07/16";"1,053288";"60826548";"0";"82097,62";"0,13%";"-1,12%";"1,9%";"";"";"";""
"2015/07/15";"1,049943";"60551540";"0";"56886,25";"0,09%";"-1,12%";"1,87%";"";"";"";""
"2015/07/14";"1,050274";"60513725";"0";"-2,86";"-0%";"-0,97%";"2,25%";"";"";"";""
"2015/07/13";"1,048456";"60408980";"0";"8583,88";"0,01%";"-1,22%";"2,1%";"";"";"";""
"2015/07/10";"1,046577";"60292149";"0";"13498,64";"0,02%";"-1,33%";"2,22%";"";"";"";""
"2015/07/09";"1,045917";"60240637";"0";"171871,08";"0,29%";"-1,16%";"2,15%";"";"";"";""
"2015/07/08";"1,041847";"59835019";"0";"-396000,19";"-0,66%";"-1,05%";"1,43%";"";"";"";""
"2015/07/07";"1,046385";"60493369";"0";"-2433,85";"-0%";"-0,31%";"2,48%";"";"";"";""
"2015/07/06";"1,046949";"60528410";"0";"2013808,23";"3,33%";"0,05%";"3,01%";"";"";"";""
"2015/07/03";"1,047998";"58573231";"0";"-17,57";"-0%";"0,15%";"3,01%";"";"";"";""
"2015/07/02";"1,04857";"58605218";"0";"500006,38";"0,85%";"0,22%";"3,07%";"";"";"";""
"2015/07/01";"1,048612";"58107539";"0";"3246,76";"0,01%";"0,27%";"3,07%";"";"";"";""
"2015/06/30";"1,048027";"58071877";"0";"58909,76";"0,1%";"0,21%";"3,01%";"";"";"";""
"2015/06/29";"1,044765";"57832401";"0";"7708,38";"0,01%";"0,22%";"2,63%";"";"";"";""
"2015/06/26";"1,051024";"58171110";"0";"5195,61";"0,01%";"1,05%";"3,52%";"";"";"";""
"2015/06/25";"1,05045";"58134148";"0";"3939,12";"0,01%";"0,58%";"3,46%";"";"";"";""
"2015/06/24";"1,049815";"58095069";"0";"250000,72";"0,43%";"0,17%";"3,4%";"";"";"";""
"2015/06/23";"1,048695";"57783356";"0";"71360,69";"0,12%";"-0,21%";"3,29%";"";"";"";""
"2015/06/22";"1,047381";"57639683";"0";"14964,45";"0,03%";"-0,32%";"2,96%";"";"";"";""
"2015/06/19";"1,043108";"57389627";"0";"6221,59";"0,01%";"-0,34%";"2,97%";"";"";"";""
"2015/06/18";"1,040898";"57261829";"0";"9339,38";"0,02%";"-0,39%";"2,94%";"";"";"";""
"2015/06/17";"1,041361";"57277956";"0";"167978,58";"0,29%";"-0,14%";"4%";"";"";"";""
"2015/06/16";"1,04161";"57123633";"0";"61217,89";"0,11%";"-0,26%";"4,21%";"";"";"";""
"2015/06/15";"1,041371";"57049322";"0";"5046,3";"0,01%";"0,06%";"3,93%";"";"";"";""
"2015/06/12";"1,046114";"57304088";"0";"2173,33";"0%";"0,39%";"3,86%";"";"";"";""
"2015/06/11";"1,046425";"57318950";"0";"2108,74";"0%";"0,54%";"3,55%";"";"";"";""
"2015/06/10";"1,045475";"57264806";"0";"63581,65";"0,11%";"0,71%";"3,46%";"";"";"";""
"2015/06/09";"1,044033";"57122328";"0";"23576,91";"0,04%";"0,28%";"3,1%";"";"";"";""
"2015/06/08";"1,048312";"57332772";"0";"3105,18";"0,01%";"0,62%";"3,05%";"";"";"";""
"2015/06/05";"1,051394";"57498214";"0";"-21008,29";"-0,04%";"0,8%";"3,26%";"";"";"";""
"2015/06/04";"1,052438";"57576337";"0";"8239,58";"0,01%";"0,83%";"3,46%";"";"";"";""
"2015/06/03";"1,056969";"57815942";"0";"1004648,06";"1,74%";"1,3%";"3,91%";"";"";"";""
"2015/06/02";"1,056223";"56771197";"0";"-15914,26";"-0,03%";"1,21%";"4,33%";"";"";"";""
"2015/06/01";"1,058125";"56889371";"0";"-1,7";"-0%";"1,56%";"4,51%";"";"";"";""
"2015/05/29";"1,058408";"56904588";"0";"-35546,08";"-0,06%";"1,59%";"4,2%";"";"";"";""
"2015/05/28";"1,058923";"56967840";"0";"829129,33";"1,46%";"1,64%";"4,25%";"";"";"";""
"2015/05/27";"1,060353";"56214522";"0";"-21661,47";"-0,04%";"1,78%";"4,35%";"";"";"";""
"2015/05/26";"1,05884";"56155941";"0";"73522,6";"0,13%";"1,67%";"4,35%";"";"";"";""
"2015/05/22";"1,060025";"56145183";"0";"3979,69";"0,01%";"2,19%";"4,92%";"";"";"";""
"2015/05/21";"1,060086";"56144434";"0";"21639,41";"0,04%";"2,2%";"4,92%";"";"";"";""
"2015/05/20";"1,061126";"56177854";"0";"205023,96";"0,36%";"2,3%";"5,53%";"";"";"";""
"2015/05/19";"1,060307";"55929629";"0";"384054,49";"0,69%";"2,24%";"5,33%";"";"";"";""
"2015/05/18";"1,057378";"55392135";"0";"112813,81";"0,2%";"2,01%";"4,86%";"";"";"";""
"2015/05/15";"1,056519";"55234413";"0";"43500,49";"0,08%";"1,89%";"4,85%";"";"";"";""
"2015/05/14";"1,053447";"55030436";"0";"41601,76";"0,08%";"1,59%";"4,54%";"";"";"";""
"2015/05/13";"1,053486";"54990870";"0";"271320,26";"0,49%";"1,59%";"4,63%";"";"";"";""
"2015/05/12";"1,052355";"54660804";"0";"3380170,23";"6,18%";"1,5%";"4,37%";"";"";"";""
"2015/05/11";"1,054383";"51379457";"0";"54882,05";"0,11%";"2,03%";"4,53%";"";"";"";""
"2015/05/08";"1,052672";"51241288";"0";"148005,87";"0,29%";"1,86%";"4,46%";"";"";"";""
"2015/05/07";"1,049145";"50922093";"0";"13221,04";"0,03%";"1,52%";"4,11%";"";"";"";""
"2015/05/06";"1,050803";"50989325";"0";"-2,49";"-0%";"1,68%";"4,24%";"";"";"";""
"2015/05/05";"1,052708";"51081766";"0";"23,2";"0%";"1,51%";"4,47%";"";"";"";""
"2015/05/04";"1,056114";"51247016";"0";"47791,65";"0,09%";"1,79%";"4,98%";"";"";"";""
"2015/04/30";"1,054355";"51113950";"0";"254148,22";"0,5%";"1,59%";"5,07%";"";"";"";""
"2015/04/29";"1,059274";"51097083,68603";"";"-751840,82";"-1,47%";"1,88%";"5,89%";"";"";"";""
"2015/04/28";"1,063826";"52071734";"0";"22427,23";"0,04%";"2,25%";"6,38%";"";"";"";""
"2015/04/27";"1,066233";"52167072,907917";"";"136154,99";"0,26%";"2,16%";"6,62%";"";"";"";""
"2015/04/24";"1,062489";"51848215,111939";"";"-5,17";"-0%";"1,79%";"";"";"";"";""
"2015/04/23";"1,064051";"51924444,051255";"";"357480,76";"0,69%";"1,94%";"";"";"";"";""
"2015/04/22";"1,061598";"51448083,873442";"";"15006201,79";"29,17%";"2,32%";"";"";"";"";""
"2015/04/21";"1,060011";"36387404,522411";"";"349482,83";"0,96%";"2,44%";"";"";"";"";""
"2015/04/20";"1,061204";"36078480,933328";"";"740453,44";"2,05%";"2,65%";"";"";"";"";""
"2015/04/17";"1,059552";"35283015,998926";"";"-105925,29";"-0,3%";"2,51%";"";"";"";"";""
"2015/04/16";"1,065223";"35578352,175615";"";"21475,44";"0,06%";"3,06%";"";"";"";"";""
"2015/04/15";"1,061799";"35442584,473903";"";"2961144,3";"8,35%";"3,02%";"";"";"";"";""
"2015/04/14";"1,060562";"32443599,166668";"";"25,65";"0%";"3,25%";"";"";"";"";""
"2015/04/13";"1,061455";"32470891,210388";"";"4399,39";"0,01%";"3,37%";"";"";"";"";""
"2015/04/10";"1,060685";"32442940";"0";"-72528,97";"-0,22%";"3,6%";"";"";"";"";""
"2015/04/09";"1,058162";"32438126";"0";"854091,99";"2,63%";"3,35%";"";"";"";"";""
"2015/04/08";"1,052905";"31427123";"0";"239982,99";"0,76%";"2,51%";"";"";"";"";""
"2015/04/07";"1,049649";"31090697";"0";"253227,22";"0,81%";"2,8%";"";"";"";"";""
"2015/04/03";"1,046387";"30741636";"0";"3000002,38";"9,76%";"2,86%";"";"";"";"";""
"2015/04/02";"1,046292";"27739115";"0";"699986,98";"2,52%";"2,85%";"";"";"";"";""
"2015/04/01";"1,045745";"27024992";"0";"-217378,81";"-0,8%";"2,79%";"";"";"";"";""
"2015/03/31";"1,045078";"27224995";"0";"139509,96";"0,51%";"2,73%";"";"";"";"";""
"2015/03/30";"1,045796";"27104093,577766";"";"9683,91";"0,04%";"2,79%";"";"";"";"";""
"2015/03/27";"1,042452";"27007773,551576";"";"-271474,14";"-1,01%";"2,67%";"";"";"";"";""
"2015/03/26";"1,040128";"27218432,446518";"";"-4,22";"-0%";"2,44%";"";"";"";"";""
"2015/03/25";"1,044411";"27330515,727407";"";"2533200,66";"9,27%";"2,87%";"";"";"";"";""
"2015/03/24";"1,048004";"24882623,204795";"";"68053,73";"0,27%";"3,22%";"";"";"";"";""
"2015/03/23";"1,050943";"24884158,922079";"";"-253156,4";"-1,02%";"3,51%";"";"";"";"";""
"2015/03/20";"1,050696";"25131407,377333";"";"6,36";"0%";"3,72%";"";"";"";"";""
"2015/03/19";"1,046703";"25035893,200545";"";"19880,1";"0,08%";"3,32%";"";"";"";"";""
"2015/03/18";"1,04493";"24973638,716278";"";"22987,54";"0,09%";"3,34%";"";"";"";"";""
"2015/03/17";"1,042832";"24900555,503728";"";"623526,21";"2,5%";"4,15%";"";"";"";"";""
"2015/03/16";"1,044354";"24312461,305284";"";"23620,22";"0,1%";"4,48%";"";"";"";"";""
"2015/03/13";"1,040764";"24205347,427947";"";"6,98";"0%";"3,33%";"";"";"";"";""
"2015/03/12";"1,042052";"24235295,82732";"";"22802,33";"0,09%";"3,45%";"";"";"";"";""
"2015/03/11";"1,040849";"24184541,314152";"";"12764,45";"0,05%";"3%";"";"";"";"";""
"2015/03/10";"1,03807";"24107239,769138";"";"217719,81";"0,9%";"2,73%";"";"";"";"";""
"2015/03/09";"1,041091";"23959043,44353";"";"4186,33";"0,02%";"2,81%";"";"";"";"";""
"2015/03/06";"1,041844";"23972183,177558";"";"1128699,57";"4,71%";"2,32%";"";"";"";"";""
"2015/03/05";"1,043059";"22870123,707356";"";"-20,71";"-0%";"2,44%";"";"";"";"";""
"2015/03/04";"1,043735";"22884966,412394";"";"303832,23";"1,33%";"2,61%";"";"";"";"";""
"2015/03/03";"1,043405";"22573994,653426";"";"4285,52";"0,02%";"2,57%";"";"";"";"";""
"2015/03/02";"1,043548";"22572802,345214";"";"993704,72";"4,4%";"3,07%";"";"";"";"";""
"2015/02/27";"1,041841";"21543799,273504";"";"6606";"0,03%";"2,53%";"";"";"";"";""
"2015/02/26";"1,041407";"21528221,521574";"";"21379,9";"0,1%";"2,63%";"";"";"";"";""
"2015/02/25";"1,041715";"21513202,35003";"";"203950,28";"0,95%";"2,84%";"";"";"";"";""
"2015/02/24";"1,04179";"21310786,267709";"";"0,16";"0%";"2,96%";"";"";"";"";""
"2015/02/23";"1,038849";"21250625,214488";"";"4823,75";"0,02%";"2,82%";"";"";"";"";""
"2015/02/20";"1,037284";"21213795,191982";"";"-3,34";"-0%";"3,16%";"";"";"";"";""
"2015/02/19";"1,03707";"21209421,952741";"";"7,8";"0%";"3,02%";"";"";"";"";""
"2015/02/18";"1,036544";"21198656,776426";"";"-6303,24";"-0,03%";"2,79%";"";"";"";"";""
"2015/02/17";"1,037502";"21224558,172994";"";"118130,4";"0,56%";"2,99%";"";"";"";"";""
"2015/02/16";"1,037898";"21114483,801659";"";"39776,8";"0,19%";"3%";"";"";"";"";""
"2015/02/13";"1,03697";"21055863,79715";"";"52639,2";"0,25%";"2,98%";"";"";"";"";""
"2015/02/12";"1,036815";"21000085,157969";"";"2";"0%";"2,83%";"";"";"";"";""
"2015/02/11";"1,033417";"20931258,653136";"";"133211,78";"0,64%";"2,45%";"";"";"";"";""
"2015/02/10";"1,035299";"20835923,085715";"";"-8,52";"-0%";"2,57%";"";"";"";"";""
"2015/02/09";"1,03307";"20791071,817432";"";"8,32";"0%";"2,51%";"";"";"";"";""
"2015/02/06";"1,033449";"20798691,062829";"";"699995,37";"3,37%";"2,52%";"";"";"";"";""
"2015/02/05";"1,037092";"20169545,393252";"";"1400167,28";"6,94%";"2,92%";"";"";"";"";""
"2015/02/04";"1,037549";"18777648,938409";"";"2506221,16";"13,35%";"3,13%";"";"";"";"";""
"2015/02/03";"1,039907";"16308407,26737";"";"14906,13";"0,09%";"3,2%";"";"";"";"";""
"2015/02/02";"1,039546";"16287844,910266";"";"254404,54";"1,56%";"3,27%";"";"";"";"";""
"2015/01/30";"1,03784";"16007127,874314";"";"799999,1";"5%";"3,42%";"";"";"";"";""
"2015/01/29";"1,039775";"15235481,690408";"";"1785745,95";"11,72%";"3,94%";"";"";"";"";""
"2015/01/28";"1,040384";"13457613,301052";"";"616184,66";"4,58%";"4,04%";"";"";"";"";""
"2015/01/27";"1,043678";"12882086,388152";"";"7848,56";"0,06%";"4,37%";"";"";"";"";""
"2015/01/26";"1,044547";"12884957,335206";"";"4055,33";"0,03%";"";"";"";"";"";""
"2015/01/23";"1,043831";"12872072,599046";"";"3993,3";"0,03%";"";"";"";"";"";""
"2015/01/22";"1,037513";"12790192,620177";"";"30229,22";"0,24%";"";"";"";"";"";""
"2015/01/21";"1,034734";"12725785,576167";"";"10485,43";"0,08%";"";"";"";"";"";""
"2015/01/20";"1,033833";"12704228,233094";"";"6238,72";"0,05%";"";"";"";"";"";""
"2015/01/19";"1,031918";"12674468,641879";"";"10961,05";"0,09%";"";"";"";"";"";""
"2015/01/16";"1,033628";"12684492,400984";"";"52868,2";"0,42%";"";"";"";"";"";""
"2015/01/15";"1,030658";"12595328,816693";"";"18151,11";"0,14%";"";"";"";"";"";""
"2015/01/14";"1,027146";"12534320,57137";"";"8031,57";"0,06%";"";"";"";"";"";""
"2015/01/13";"1,026895";"12523228";"";"10127,59";"0,08%";"";"";"";"";"";""
"2015/01/12";"1,023586";"12472779";"";"-1,5";"-0%";"";"";"";"";"";""
"2015/01/09";"1,023853";"12476034";"";"1435450,24";"11,51%";"";"";"";"";"";""
"2015/01/08";"1,027123";"11075845,371292";"";"-1,75";"-0%";"";"";"";"";"";""
"2015/01/07";"1,021081";"11010694";"";"9,42";"0%";"";"";"";"";"";""
"2015/01/06";"1,01638";"10959992";"";"-0,86";"-0%";"";"";"";"";"";""
"2015/01/05";"1,017667";"10973871,046464";"";"-1,38";"-0%";"";"";"";"";"";""
"2014/12/31";"1,017332";"10970260";"";"16458,09";"0,15%";"";"";"";"";"";""
"2014/12/30";"1,017439";"10954954";"";"-7,44";"-0%";"";"";"";"";"";""
"2014/12/29";"1,017995";"10960948";"";"146,24";"0%";"";"";"";"";"";""
"2014/12/23";"1,015311";"10931903";"";"-2,06";"-0%";"";"";"";"";"";""
"2014/12/22";"1,017243";"10952707";"";"1,12";"0%";"";"";"";"";"";""
"2014/12/19";"1,013027";"10907312";"";"6442,25";"0,06%";"";"";"";"";"";""
"2014/12/18";"1,011133";"10880489";"";"8159,91";"0,07%";"";"";"";"";"";""
"2014/12/17";"1,00127";"10766276";"";"-0,27";"-0%";"";"";"";"";"";""
"2014/12/16";"0,999545";"10747728";"";"65667,55";"0,61%";"";"";"";"";"";""
"2014/12/15";"1,001958";"10707848";"";"-3,66";"-0%";"";"";"";"";"";""
"2014/12/12";"1,007256";"10764471";"";"364616,72";"3,39%";"";"";"";"";"";""
"2014/12/10";"1,010522";"10433575,51965";"";"19117,6";"0,18%";"";"";"";"";"";""
"2014/12/09";"1,012669";"10436584,943573";"";"2,16";"0%";"";"";"";"";"";""
"2014/12/08";"1,017317";"10484485,147404";"";"22674,46";"0,22%";"";"";"";"";"";""
"2014/12/05";"1,01824";"10471302,563213";"";"10037,72";"0,1%";"";"";"";"";"";""
"2014/12/04";"1,017201";"10450590,290919";"";"9803,1";"0,09%";"";"";"";"";"";""
"2014/12/03";"1,017235";"10441136,169887";"";"1,15";"0%";"";"";"";"";"";""
"2014/12/01";"1,012433";"10391846,18254";"";"0,18";"0%";"";"";"";"";"";""
"2014/11/28";"1,015773";"10426128,532501";"";"155733,06";"1,49%";"";"";"";"";"";""
"2014/11/27";"1,016136";"10274065,735089";"";"-0,22";"-0%";"";"";"";"";"";""
"2014/11/26";"1,014674";"10259283,795702";"";"-1,25";"-0%";"";"";"";"";"";""
"2014/11/25";"1,012906";"10241408,948284";"";"17110,15";"0,17%";"";"";"";"";"";""
"2014/11/24";"1,011849";"10213629,417571";"";"-1,63";"-0%";"";"";"";"";"";""
"2014/11/21";"1,010358";"10198580,857116";"";"-0,22";"-0%";"";"";"";"";"";""
"2014/11/20";"1,005508";"10149625,045598";"";"-0,84";"-0%";"";"";"";"";"";""
"2014/11/19";"1,006696";"10161617,59182";"";"5468,42";"0,05%";"";"";"";"";"";""
"2014/11/18";"1,008367";"10173007,219068";"";"9577,64";"0,09%";"";"";"";"";"";""
"2014/11/17";"1,007334";"10153017,868424";"";"74376,41";"0,73%";"";"";"";"";"";""
"2014/11/14";"1,007692";"10082223,341244";"";"5299,01";"0,05%";"";"";"";"";"";""
"2014/11/13";"1,006915";"10069154,327406";"";"3,68";"0%";"";"";"";"";"";""
"2014/11/12";"1,008277";"10082770,644864";"";"-3,49";"-0%";"";"";"";"";"";""
"2014/11/11";"1,008667";"10086674,13438";"";"3,3";"0%";"";"";"";"";"";""
"2014/11/10";"1,009343";"10093430,833687";"";"-0,64";"-0%";"";"";"";"";"";""
"2014/11/07";"1,007759";"10077591,467566";"";"1,09";"0%";"";"";"";"";"";""
"2014/11/06";"1,008021";"10080210,375417";"";"3,52";"0%";"";"";"";"";"";""
"2014/11/05";"1,007645";"10076446,857082";"";"-6,08";"-0%";"";"";"";"";"";""
"2014/11/04";"1,006059";"10060592,936356";"";"3,54";"0%";"";"";"";"";"";""
"2014/11/03";"1,00769";"10076899,400096";"";"-1,88";"-0%";"";"";"";"";"";""
"2014/10/31";"1,006649";"10066491,278407";"";"0,89";"0%";"";"";"";"";"";""
"2014/10/30";"1,003519";"10035190,391033";"";"-4,24";"-0%";"";"";"";"";"";""
"2014/10/29";"1,000363";"10003634,619519";"";"8,74";"0%";"";"";"";"";"";""
"2014/10/28";"1,000024";"10000235,882295";"";"-4,12";"-0%";"";"";"";"";"";""
"2014/10/27";"1";"10000000";"";"10000000";"100%";"";"";"";"";"";""
