"Letöltés idõpontja";"2017.04.21. 17:17"
"Alap neve:";"Aegon Tempó Allegro 10 Alapokba Fektetõ Részalap"
"Befektetési sorozat megjelölése:";""
"Befektetési jegy devizaneme:";"HUF"
"Kategória:";"Dinamikus"
"Földrajzi kitettség:";"Globális"
"Devizális kitettség:";""
"Egyéb jellemzõ kitettség:";""
"Hozam/kockázat mutató:";"0"
"Bef. politika rövid leírása:";""
"Alap típusa:";"Nyilvános nyíltvégû"
"Alap fajtája:";"Alapok alapja"
"Alap indulási dátuma:";"2014/10/27"
"Alapkezelõ:";"AEGON Magyarország Befektetési Alapkezelõ Zrt."
"Letétkezelõ:";"UniCredit Bank Hungary Zrt."
"1 éves szórás:";"5,31%"
"5 éves szórás:";""
"Dátum";"Árfolyam";"NEÉ";"Kifizetett hozam";"Napi befjegy. forgalom";"Napi befjegy. forgalom változás(%)";"3 hónapos hozam";"6 hónapos hozam";"1 éves hozam";"3 éves hozam";"5 éves hozam";"10 éves hozam"
"2017/04/20";"1,120307";"170860729";"0";"-1918714,67";"-1,11%";"4,21%";"9,08%";"10,08%";"";"";""
"2017/04/19";"1,119802";"172701560";"0";"2974273,74";"1,75%";"4,35%";"9,27%";"9,85%";"";"";""
"2017/04/18";"1,120088";"169770635";"0";"360992,22";"0,21%";"4,43%";"9,59%";"10,06%";"";"";""
"2017/04/13";"1,120936";"169537900";"0";"239939,05";"0,14%";"4,32%";"10,42%";"10,34%";"";"";""
"2017/04/12";"1,120754";"169270473";"0";"306955,46";"0,18%";"4,28%";"10,04%";"11,03%";"";"";""
"2017/04/11";"1,122626";"169245738";"0";"256824,56";"0,15%";"3,81%";"10,39%";"11,22%";"";"";""
"2017/04/10";"1,123261";"169084500";"0";"232390,98";"0,14%";"4,18%";"10,2%";"11,29%";"";"";""
"2017/04/07";"1,12323";"168847449";"0";"567065,86";"0,34%";"4,41%";"10,39%";"11,54%";"";"";""
"2017/04/06";"1,121778";"168062847";"0";"698091,26";"0,42%";"4,28%";"10,03%";"10,98%";"";"";""
"2017/04/05";"1,118886";"166933281";"0";"796491,6";"0,48%";"3,69%";"9,67%";"10,83%";"";"";""
"2017/04/04";"1,116237";"165743455";"0";"5314121,93";"3,32%";"3,34%";"9,18%";"10,07%";"";"";""
"2017/04/03";"1,114466";"160174799";"0";"-9092746,1";"-5,39%";"3,24%";"9,24%";"9,98%";"";"";""
"2017/03/31";"1,110562";"168674597";"0";"493238,06";"0,29%";"3,79%";"8,94%";"9,27%";"";"";""
"2017/03/30";"1,114331";"168752129";"0";"668986,61";"0,4%";"4,14%";"9,31%";"9,57%";"";"";""
"2017/03/29";"1,111314";"167628065";"0";"4175,78";"0%";"3,91%";"9,08%";"9,56%";"";"";""
"2017/03/28";"1,10722";"167006375";"0";"-762183,66";"-0,46%";"3,63%";"8,72%";"9,37%";"";"";""
"2017/03/27";"1,103698";"167234897";"0";"546363,32";"0,33%";"3,29%";"8,77%";"9,02%";"";"";""
"2017/03/24";"1,106896";"167171519";"0";"972214,57";"0,59%";"3,52%";"8,43%";"9,36%";"";"";""
"2017/03/23";"1,106779";"166181737";"0";"317856,09";"0,19%";"3,51%";"8,42%";"9,37%";"";"";""
"2017/03/22";"1,102278";"165189353";"0";"3531485,88";"2,18%";"2,9%";"7,57%";"8,96%";"";"";""
"2017/03/21";"1,105977";"162200355";"0";"470181,92";"0,29%";"3,17%";"8,19%";"9,36%";"";"";""
"2017/03/20";"1,111362";"162517637";"0";"-1922440,94";"-1,17%";"3,4%";"9,25%";"9,77%";"";"";""
"2017/03/17";"1,111896";"164519090";"0";"1615922,51";"0,99%";"3,71%";"9,71%";"10,25%";"";"";""
"2017/03/16";"1,113393";"163122492";"0";"139957,48";"0,09%";"3,85%";"9,86%";"10,42%";"";"";""
"2017/03/14";"1,111051";"162639704";"0";"-320718,13";"-0,2%";"3,93%";"9,61%";"10,23%";"";"";""
"2017/03/13";"1,112681";"163199498";"0";"119059,76";"0,07%";"3,83%";"9,74%";"10,4%";"";"";""
"2017/03/10";"1,109684";"162641182";"0";"1663172,76";"1,04%";"4,23%";"8,94%";"10,5%";"";"";""
"2017/03/09";"1,106043";"160449822";"0";"150912,5";"0,09%";"3,89%";"8,58%";"10,05%";"";"";""
"2017/03/08";"1,106608";"160380795";"0";"190378,37";"0,12%";"4,63%";"7,71%";"10,32%";"";"";""
"2017/03/07";"1,105722";"160062161";"0";"-1134830,45";"-0,7%";"5,07%";"7,37%";"10,06%";"";"";""
"2017/03/06";"1,107018";"161385928";"0";"225572,04";"0,14%";"5,59%";"7,58%";"10,19%";"";"";""
"2017/03/03";"1,111348";"161790720";"0";"1782370,9";"1,12%";"6,69%";"8,49%";"10,77%";"";"";""
"2017/03/02";"1,109411";"159729466";"0";"-38,91";"-0%";"6,5%";"8,3%";"10,74%";"";"";""
"2017/03/01";"1,109796";"159784936";"0";"285839,59";"0,18%";"6,67%";"8,88%";"11,31%";"";"";""
"2017/02/28";"1,097817";"157777483";"0";"-79981,22";"-0,05%";"6,25%";"8%";"10,76%";"";"";""
"2017/02/27";"1,100647";"158264396";"0";"1265756,92";"0,8%";"6,26%";"8,28%";"11,04%";"";"";""
"2017/02/24";"1,102539";"157268518";"0";"2064443,14";"1,32%";"6,31%";"8,38%";"12,1%";"";"";""
"2017/02/23";"1,108678";"156068260";"0";"571597,39";"0,37%";"7,34%";"8,9%";"12,7%";"";"";""
"2017/02/22";"1,108711";"155501291";"0";"84097,23";"0,05%";"7,5%";"9,02%";"12,39%";"";"";""
"2017/02/21";"1,108056";"155325377";"0";"-3195,01";"-0%";"7,65%";"8,84%";"12,9%";"";"";""
"2017/02/20";"1,10051";"154270765";"0";"-1751452,95";"-1,12%";"6,95%";"8,1%";"12,13%";"";"";""
"2017/02/17";"1,098658";"155759655";"0";"1613843,29";"1,04%";"6,86%";"7,76%";"11,72%";"";"";""
"2017/02/16";"1,101902";"154600957";"0";"3607741,43";"2,39%";"7,18%";"7,99%";"13,11%";"";"";""
"2017/02/15";"1,103638";"151231099";"0";"6448746,47";"4,47%";"7,41%";"7,78%";"13,54%";"";"";""
"2017/02/14";"1,099736";"144270463";"0";"1545165,65";"1,08%";"7,23%";"7,48%";"13,83%";"";"";""
"2017/02/13";"1,098603";"142578255";"0";"148735,05";"0,1%";"7,1%";"7,37%";"13,71%";"";"";""
"2017/02/10";"1,094546";"141903546";"0";"85679,42";"0,06%";"6,75%";"7,13%";"12,93%";"";"";""
"2017/02/09";"1,090582";"141304260";"0";"185960,36";"0,13%";"6,93%";"6,55%";"12,6%";"";"";""
"2017/02/08";"1,087119";"140670197";"0";"212492,54";"0,15%";"6,59%";"6,39%";"11,91%";"";"";""
"2017/02/07";"1,088212";"140598922";"0";"147733,14";"0,11%";"7,01%";"6,75%";"11,31%";"";"";""
"2017/02/06";"1,08523";"140066314";"0";"436916,16";"0,31%";"7,28%";"6,45%";"11,01%";"";"";""
"2017/02/03";"1,086308";"139768097";"0";"192038,76";"0,14%";"6,87%";"7,29%";"10,56%";"";"";""
"2017/02/02";"1,079705";"138727661";"0";"4528413,56";"3,36%";"6,22%";"6,48%";"9,85%";"";"";""
"2017/02/01";"1,08544";"134912065";"0";"-117508,43";"-0,09%";"5,18%";"6,7%";"9,62%";"";"";""
"2017/01/31";"1,084104";"134863374";"0";"783,34";"0%";"5,06%";"6,32%";"9,25%";"";"";""
"2017/01/30";"1,086882";"135208174";"0";"58648,88";"0,04%";"5,32%";"6,59%";"9,53%";"";"";""
"2017/01/27";"1,093432";"135963992";"0";"-144391,86";"-0,11%";"5,91%";"6,84%";"10,72%";"";"";""
"2017/01/26";"1,08972";"135646321";"0";"197171,09";"0,15%";"5,6%";"6,56%";"10,45%";"";"";""
"2017/01/25";"1,087328";"135151831";"0";"-259231,31";"-0,19%";"5,21%";"6,3%";"10,48%";"";"";""
"2017/01/24";"1,077408";"134175669";"0";"-199947,62";"-0,15%";"4,21%";"5,3%";"9,03%";"";"";""
"2017/01/23";"1,073081";"133835948";"0";"653905,74";"0,49%";"4,16%";"4,87%";"8,59%";"";"";""
"2017/01/20";"1,075055";"133427039";"0";"1605390,2";"1,22%";"4,67%";"4,97%";"10,11%";"";"";""
"2017/01/19";"1,073154";"131588551";"0";"2166482,36";"1,67%";"4,71%";"4,99%";"9,15%";"";"";""
"2017/01/18";"1,072601";"129355377";"0";"22948,18";"0,02%";"4,94%";"4,87%";"9,41%";"";"";""
"2017/01/17";"1,071135";"129155661";"0";"275512,23";"0,21%";"5,25%";"4,43%";"8,97%";"";"";""
"2017/01/16";"1,074306";"129261687";"0";"1030936,39";"0,8%";"5,67%";"4,74%";"9,3%";"";"";""
"2017/01/13";"1,074545";"128259278";"0";"2540519,4";"2,02%";"5,85%";"5,12%";"8,02%";"";"";""
"2017/01/12";"1,074761";"125744030";"0";"421159,22";"0,33%";"5,52%";"5,27%";"7,58%";"";"";""
"2017/01/11";"1,08147";"126105176";"0";"-78857,86";"-0,06%";"6,34%";"6,06%";"8,91%";"";"";""
"2017/01/10";"1,078203";"125802846";"0";"269925,24";"0,22%";"5,78%";"6,21%";"8,49%";"";"";""
"2017/01/09";"1,077187";"125414630";"0";"489457,09";"0,39%";"5,87%";"6,11%";"8,39%";"";"";""
"2017/01/06";"1,075786";"124762694";"0";"-217444,74";"-0,17%";"5,52%";"6,03%";"6,78%";"";"";""
"2017/01/05";"1,079061";"125360614";"0";"-648492,21";"-0,51%";"5,77%";"6,31%";"6,76%";"";"";""
"2017/01/04";"1,080208";"126143049";"0";"519763,41";"0,41%";"5,65%";"6,27%";"7,2%";"";"";""
"2017/01/03";"1,079502";"125541181";"0";"123519,96";"0,1%";"5,82%";"6,13%";"6,58%";"";"";""
"2017/01/02";"1,071067";"124437674";"0";"462446,03";"0,37%";"5,06%";"5,3%";"5,75%";"";"";""
"2016/12/30";"1,06999";"123850566";"0";"1170556,6";"0,95%";"4,96%";"5,58%";"5,52%";"";"";""
"2016/12/29";"1,069527";"122626924";"0";"1072663,8";"0,88%";"4,98%";"5,64%";"5,1%";"";"";""
"2016/12/28";"1,0684";"121426174";"0";"2411086,17";"2,03%";"4,9%";"6,05%";"5,23%";"";"";""
"2016/12/27";"1,06859";"119036253";"0";"241079,58";"0,2%";"5,31%";"6,78%";"5,09%";"";"";""
"2016/12/23";"1,069211";"118864210";"0";"465239,19";"0,39%";"4,74%";"5,64%";"5,15%";"";"";""
"2016/12/22";"1,071251";"118624870";"0";"627668,77";"0,53%";"4,55%";"6,14%";"5,99%";"";"";""
"2016/12/21";"1,071961";"118075407";"0";"-1031439,93";"-0,86%";"4,86%";"6,6%";"6,03%";"";"";""
"2016/12/20";"1,074795";"119421736";"0";"136152,85";"0,11%";"5,65%";"7,21%";"6,21%";"";"";""
"2016/12/19";"1,071644";"118935871";"0";"-6003065,23";"-4,8%";"5,41%";"7,13%";"5,9%";"";"";""
"2016/12/16";"1,072082";"124990001";"0";"1779599,6";"1,44%";"5,79%";"7,38%";"5,87%";"";"";""
"2016/12/15";"1,071884";"123187646";"0";"2522347,48";"2,1%";"5,38%";"7,17%";"6,24%";"";"";""
"2016/12/14";"1,069086";"120350319";"0";"-1578129,86";"-1,29%";"5,47%";"7,17%";"6,57%";"";"";""
"2016/12/13";"1,071607";"122215967";"0";"486452,24";"0,4%";"5,69%";"7,34%";"6,36%";"";"";""
"2016/12/12";"1,065051";"120984784";"0";"-187668";"-0,15%";"4,47%";"6,27%";"5,71%";"";"";""
"2016/12/09";"1,064679";"121130129";"0";"273543,19";"0,23%";"4,52%";"5,65%";"5,1%";"";"";""
"2016/12/08";"1,05766";"120059827";"0";"61933,66";"0,05%";"2,94%";"4,76%";"4,12%";"";"";""
"2016/12/07";"1,05237";"119397711";"0";"331647,48";"0,28%";"2,19%";"4,22%";"3,1%";"";"";""
"2016/12/06";"1,048377";"118614292";"0";"10965,51";"0,01%";"1,89%";"4,02%";"2,6%";"";"";""
"2016/12/05";"1,046395";"118379102";"0";"-84,73";"-0%";"2,06%";"3,57%";"2,4%";"";"";""
"2016/12/02";"1,041692";"117847134";"0";"-131499,43";"-0,11%";"1,69%";"3,19%";"0,78%";"";"";""
"2016/12/01";"1,04044";"117836836";"0";"-742599,39";"-0,63%";"2,08%";"3,03%";"0,47%";"";"";""
"2016/11/30";"1,037541";"118249035";"0";"-24,94";"-0%";"1,76%";"2,25%";"0,21%";"";"";""
"2016/11/29";"1,036319";"118109788";"0";"202973,37";"0,17%";"1,78%";"2,32%";"0,03%";"";"";""
"2016/11/28";"1,033269";"117559802";"0";"16409,74";"0,01%";"1,65%";"2,02%";"-0,26%";"";"";""
"2016/11/25";"1,035782";"117829268";"0";"151819,83";"0,13%";"1,92%";"2,32%";"-0,27%";"";"";""
"2016/11/24";"1,037131";"117830711";"0";"517836,78";"0,44%";"1,95%";"2,55%";"-0,04%";"";"";""
"2016/11/23";"1,032859";"116829656";"0";"30259,28";"0,03%";"1,45%";"2,74%";"-0,84%";"";"";""
"2016/11/22";"1,031319";"116625248";"0";"232067,9";"0,2%";"1,41%";"2,57%";"-0,92%";"";"";""
"2016/11/21";"1,02934";"116169833";"0";"55652,85";"0,05%";"1,11%";"2,38%";"-1,11%";"";"";""
"2016/11/18";"1,029039";"116080226";"0";"46971,93";"0,04%";"0,89%";"2,38%";"-1,05%";"";"";""
"2016/11/17";"1,028127";"115930418";"0";"824119,73";"0,72%";"0,84%";"2,44%";"-1,16%";"";"";""
"2016/11/16";"1,028063";"115099133";"0";"1014787,11";"0,89%";"0,75%";"2,4%";"-0,63%";"";"";""
"2016/11/15";"1,027489";"114020649";"0";"44798,47";"0,04%";"0,34%";"2,34%";"-0,69%";"";"";""
"2016/11/14";"1,02563";"113769638";"0";"448347,69";"0,4%";"0,24%";"2,15%";"-0,87%";"";"";""
"2016/11/11";"1,025754";"113334991";"0";"125655,28";"0,11%";"0,21%";"2,16%";"-1,25%";"";"";""
"2016/11/10";"1,025316";"113160995";"0";"118798,17";"0,11%";"0,35%";"1,87%";"-1,43%";"";"";""
"2016/11/09";"1,019924";"112447723";"0";"-465502,86";"-0,41%";"-0,35%";"1,66%";"-2,16%";"";"";""
"2016/11/08";"1,019903";"112910901";"0";"185822,15";"0,17%";"-0,19%";"2,02%";"-2,18%";"";"";""
"2016/11/07";"1,016924";"112395824";"0";"-4485773,94";"-3,86%";"-0,25%";"1,72%";"-2,46%";"";"";""
"2016/11/04";"1,011576";"116266918";"0";"10434,06";"0,01%";"-0,55%";"1,21%";"-3,35%";"";"";""
"2016/11/03";"1,016433";"116814680";"0";"-350009,02";"-0,3%";"0,38%";"1,56%";"-2,45%";"";"";""
"2016/11/02";"1,016481";"117170222";"0";"-129185,61";"-0,11%";"0,25%";"0,69%";"-2,18%";"";"";""
"2016/10/28";"1,031937";"119082992";"0";"85085,76";"0,07%";"1,21%";"1,66%";"-0,23%";"";"";""
"2016/10/27";"1,032425";"119054180";"0";"-189297,19";"-0,16%";"0,88%";"1,44%";"-0,08%";"";"";""
"2016/10/26";"1,031903";"119183187";"0";"41918,34";"0,04%";"0,91%";"1,28%";"-0,26%";"";"";""
"2016/10/25";"1,033507";"119326463";"0";"171839,12";"0,14%";"1,04%";"1,72%";"0,54%";"";"";""
"2016/10/24";"1,033895";"119199357";"0";"31589,23";"0,03%";"1,04%";"1,56%";"0,57%";"";"";""
"2016/10/21";"1,030187";"118740380";"0";"34724,72";"0,03%";"0,58%";"1,14%";"0,84%";"";"";""
"2016/10/20";"1,027084";"118348105";"0";"158632,55";"0,13%";"0,29%";"0,92%";"0,35%";"";"";""
"2016/10/19";"1,02484";"117931249";"0";"18533,9";"0,02%";"0,26%";"0,53%";"0,2%";"";"";""
"2016/10/18";"1,022117";"117599421";"0";"186084,64";"0,16%";"-0,07%";"0,43%";"-0,1%";"";"";""
"2016/10/17";"1,017658";"116901119";"0";"1194028,44";"1,03%";"-0,78%";"0,05%";"-0,53%";"";"";""
"2016/10/14";"1,016622";"115589298";"0";"1035279,18";"0,91%";"-0,75%";"-0,09%";"-0,32%";"";"";""
"2016/10/13";"1,015173";"114390744";"0";"61371,22";"0,05%";"-0,69%";"-0,07%";"-0,49%";"";"";""
"2016/10/12";"1,018517";"114705976";"0";"259343,22";"0,23%";"-0,24%";"0,9%";"-0,6%";"";"";""
"2016/10/11";"1,017001";"114276286";"0";"329978,01";"0,29%";"-0,26%";"0,76%";"-1,01%";"";"";""
"2016/10/10";"1,019291";"114202883";"0";"68383,08";"0,06%";"0,4%";"0,99%";"-0,78%";"";"";""
"2016/10/07";"1,017491";"113932946";"0";"104954,41";"0,09%";"0,26%";"1,04%";"-0,61%";"";"";""
"2016/10/06";"1,019515";"114054419";"0";"13175,68";"0,01%";"0,48%";"0,86%";"0,12%";"";"";""
"2016/10/05";"1,020209";"114118873";"0";"243666,45";"0,21%";"0,52%";"1,06%";"0,46%";"";"";""
"2016/10/04";"1,022418";"114121774";"0";"-553198,86";"-0,48%";"0,58%";"0,82%";"1,29%";"";"";""
"2016/10/03";"1,020158";"114421490";"0";"-309570,13";"-0,27%";"0,3%";"0,67%";"1,07%";"";"";""
"2016/09/30";"1,019453";"114651773";"0";"123535,87";"0,11%";"0,59%";"0,24%";"1,26%";"";"";""
"2016/09/29";"1,018808";"114455776";"0";"52657,23";"0,05%";"0,63%";"0,44%";"1,51%";"";"";""
"2016/09/28";"1,018455";"114363480";"0";"97829,63";"0,09%";"1,09%";"0,6%";"1,43%";"";"";""
"2016/09/27";"1,014742";"113849070";"0";"125258,16";"0,11%";"1,4%";"0,23%";"0,47%";"";"";""
"2016/09/26";"1,014158";"113658362";"0";"92407,96";"0,08%";"1,06%";"0,18%";"0,41%";"";"";""
"2016/09/23";"1,020838";"114313984";"0";"23569,84";"0,02%";"0,86%";"0,88%";"1,46%";"";"";""
"2016/09/22";"1,024672";"114719659";"0";"-101854,54";"-0,09%";"1,53%";"1,29%";"1,74%";"";"";""
"2016/09/21";"1,022235";"114548431";"0";"118608,18";"0,1%";"1,66%";"1,08%";"0,98%";"";"";""
"2016/09/20";"1,017298";"113877171";"0";"58694,18";"0,05%";"1,48%";"0,48%";"1,03%";"";"";""
"2016/09/19";"1,016689";"113750340";"0";"1028447,77";"0,92%";"1,63%";"0,42%";"0,97%";"";"";""
"2016/09/16";"1,013452";"112363001";"0";"866205,72";"0,77%";"1,51%";"0,51%";"-0,24%";"";"";""
"2016/09/15";"1,017115";"111899787";"0";"227081,44";"0,2%";"1,7%";"0,91%";"0,43%";"";"";""
"2016/09/14";"1,013678";"111295345";"0";"37313,19";"0,03%";"1,62%";"0,57%";"0,43%";"";"";""
"2016/09/13";"1,013891";"111281410";"0";"61587,14";"0,06%";"1,55%";"0,59%";"0,02%";"";"";""
"2016/09/12";"1,01948";"111832914";"0";"33447,57";"0,03%";"1,72%";"1,15%";"0,57%";"";"";""
"2016/09/09";"1,018635";"111706801";"0";"111404,89";"0,1%";"1,08%";"1,35%";"0,48%";"";"";""
"2016/09/08";"1,027415";"112557279";"0";"37562,38";"0,03%";"1,76%";"2,43%";"1,36%";"";"";""
"2016/09/07";"1,029836";"112784858";"0";"97676,42";"0,09%";"1,99%";"2,5%";"1,81%";"";"";""
"2016/09/06";"1,028973";"112592750";"0";"64249,43";"0,06%";"2,09%";"2,42%";"1,51%";"";"";""
"2016/09/05";"1,025291";"112125837";"0";"-314971,84";"-0,28%";"1,48%";"2,06%";"1,15%";"";"";""
"2016/09/02";"1,024359";"112338599";"0";"-1307076,73";"-1,16%";"1,47%";"2,25%";"1,04%";"";"";""
"2016/09/01";"1,019283";"113082528";"0";"-95489,43";"-0,08%";"0,93%";"2,23%";"0,63%";"";"";""
"2016/08/31";"1,019922";"113248970";"0";"177563,63";"0,16%";"0,72%";"2,89%";"-0,34%";"";"";""
"2016/08/30";"1,019604";"113036152";"0";"42046,11";"0,04%";"0,49%";"2,85%";"-0,27%";"";"";""
"2016/08/29";"1,018236";"112842502";"0";"18605,84";"0,02%";"0,54%";"2,72%";"-0,4%";"";"";""
"2016/08/26";"1,016483";"112629658";"0";"21304,81";"0,02%";"0,5%";"2,55%";"0,79%";"";"";""
"2016/08/25";"1,016222";"112579439";"0";"-46576,88";"-0,04%";"0,39%";"2,88%";"1,29%";"";"";""
"2016/08/24";"1,017263";"112741388";"0";"133314,33";"0,12%";"0,58%";"3,43%";"1,82%";"";"";""
"2016/08/23";"1,018084";"112698956";"0";"-454394,23";"-0,4%";"1,27%";"3,49%";"-1,35%";"";"";""
"2016/08/22";"1,016939";"113026091";"0";"-771852,77";"-0,68%";"1,14%";"3,09%";"-1,46%";"";"";""
"2016/08/19";"1,018064";"113923834";"0";"982481,65";"0,87%";"1,5%";"3,73%";"-1,35%";"";"";""
"2016/08/18";"1,019938";"113149249";"0";"56183,31";"0,05%";"1,47%";"3,81%";"-1,3%";"";"";""
"2016/08/17";"1,019587";"113054146";"0";"215151,98";"0,19%";"1,59%";"3,68%";"-1,69%";"";"";""
"2016/08/16";"1,020378";"112926535";"0";"-396832,14";"-0,35%";"1,63%";"4,74%";"-1,53%";"";"";""
"2016/08/15";"1,023998";"113725405";"0";"189036,16";"0,17%";"1,99%";"5,35%";"-1,18%";"";"";""
"2016/08/12";"1,023193";"113447114";"0";"120437,62";"0,11%";"1,94%";"5,9%";"-1,65%";"";"";""
"2016/08/11";"1,023653";"113377625";"0";"142552,84";"0,13%";"1,95%";"6,41%";"-2,35%";"";"";""
"2016/08/10";"1,021742";"113023680";"0";"92503,01";"0,08%";"1,51%";"5,42%";"-2,59%";"";"";""
"2016/08/09";"1,023541";"113130017";"0";"-237856";"-0,21%";"2,02%";"5,68%";"-2,33%";"";"";""
"2016/08/08";"1,021796";"113174596";"0";"63454,38";"0,06%";"2,21%";"5,18%";"-2,49%";"";"";""
"2016/08/05";"1,019431";"112849340";"0";"55111,86";"0,05%";"1,99%";"4,28%";"-3,16%";"";"";""
"2016/08/04";"1,017157";"112542623";"0";"61190,19";"0,05%";"1,77%";"3,77%";"-2,67%";"";"";""
"2016/08/03";"1,012542";"111971087";"0";"-81684,69";"-0,07%";"1,17%";"3,05%";"-3,09%";"";"";""
"2016/08/02";"1,013991";"112213125";"0";"-300167,89";"-0,27%";"0,44%";"3,16%";"-3,38%";"";"";""
"2016/08/01";"1,017308";"112881350";"0";"-229146,07";"-0,2%";"0,49%";"2,74%";"-3,06%";"";"";""
"2016/07/29";"1,019699";"113376342";"0";"33879,7";"0,03%";"0,73%";"2,76%";"-2,32%";"";"";""
"2016/07/28";"1,019612";"113332792";"0";"67161,92";"0,06%";"0,44%";"3,33%";"-2,13%";"";"";""
"2016/07/27";"1,023462";"113693315";"0";"122054,62";"0,11%";"0,56%";"3,63%";"-1,65%";"";"";""
"2016/07/26";"1,022606";"113476272";"0";"-224423,7";"-0,2%";"0,37%";"3,65%";"-2,51%";"";"";""
"2016/07/25";"1,022848";"113727603";"0";"3036412,76";"2,74%";"0,67%";"3,93%";"-2,49%";"";"";""
"2016/07/22";"1,023222";"110731664";"0";"57698,17";"0,05%";"0,51%";"3,55%";"-2,81%";"";"";""
"2016/07/21";"1,024271";"110787428";"0";"-19773,87";"-0,02%";"0,56%";"4,54%";"-3,5%";"";"";""
"2016/07/20";"1,024123";"110791191";"0";"71783,7";"0,06%";"0,63%";"4,9%";"-3,55%";"";"";""
"2016/07/19";"1,022173";"110508590";"0";"84205,57";"0,08%";"0,27%";"3,96%";"-3,91%";"";"";""
"2016/07/18";"1,022812";"110493415";"0";"966592,29";"0,88%";"0,5%";"4,33%";"-3,85%";"";"";""
"2016/07/15";"1,025648";"109830513";"0";"705498,25";"0,65%";"0,84%";"4,35%";"-3,14%";"";"";""
"2016/07/14";"1,024331";"108984891";"0";"11978,84";"0,01%";"0,67%";"3,21%";"-3,4%";"";"";""
"2016/07/13";"1,022242";"108750675";"0";"186741,09";"0,17%";"0,63%";"2,76%";"-3,25%";"";"";""
"2016/07/12";"1,020954";"108427146";"0";"141505,71";"0,13%";"1,15%";"2,19%";"-3,1%";"";"";""
"2016/07/11";"1,019636";"108145849";"0";"44,74";"0%";"1,02%";"2,68%";"-3,22%";"";"";""
"2016/07/08";"1,015182";"107673399";"0";"-2,51";"-0%";"0,58%";"2,15%";"-3,33%";"";"";""
"2016/07/07";"1,014873";"107640628";"0";"101872,35";"0,09%";"0,78%";"1,6%";"-4,17%";"";"";""
"2016/07/06";"1,014595";"107509298";"0";"35467,64";"0,03%";"0,38%";"0,71%";"-4,37%";"";"";""
"2016/07/05";"1,014974";"107513977";"0";"-78641,95";"-0,07%";"0,54%";"0,42%";"-4,54%";"";"";""
"2016/07/04";"1,016494";"107753747";"0";"-58,6";"-0%";"0,23%";"0,88%";"-4,4%";"";"";""
"2016/07/01";"1,01713";"107821225";"0";"-643803,23";"-0,6%";"0,37%";"0,42%";"-4,52%";"";"";""
"2016/06/30";"1,01347";"108074732";"0";"93582,44";"0,09%";"-0,35%";"-0,05%";"-4,69%";"";"";""
"2016/06/29";"1,012403";"107867465";"0";"26984,01";"0,03%";"-0,19%";"-0,51%";"-4,37%";"";"";""
"2016/06/28";"1,007487";"107316832";"0";"116585,73";"0,11%";"-0,48%";"-0,77%";"-5,84%";"";"";""
"2016/06/27";"1,000695";"106477553";"0";"-24123,41";"-0,02%";"-1,15%";"-1,58%";"-6,48%";"";"";""
"2016/06/24";"1,003488";"106798929";"0";"6040246,08";"5,94%";"-0,86%";"-1,31%";"-6,18%";"";"";""
"2016/06/23";"1,012128";"101626212";"0";"71453,77";"0,07%";"0,02%";"-0,46%";"-5,26%";"";"";""
"2016/06/22";"1,00928";"101268996";"0";"59395,73";"0,06%";"-0,23%";"-0,14%";"-5,34%";"";"";""
"2016/06/21";"1,005591";"100839671";"0";"-38,54";"-0%";"-0,57%";"-0,54%";"-5,16%";"";"";""
"2016/06/20";"1,0025";"100529747";"0";"101563,53";"0,1%";"-0,98%";"-0,93%";"-5,45%";"";"";""
"2016/06/17";"1,000365";"100214304";"0";"869462,84";"0,88%";"-0,81%";"-1,36%";"-5,58%";"";"";""
"2016/06/16";"0,998391";"99148806";"0";"799513,67";"0,81%";"-0,99%";"-1,41%";"-5,86%";"";"";""
"2016/06/15";"1,000145";"98522075";"0";"76884,35";"0,08%";"-0,77%";"-0,87%";"-5,67%";"";"";""
"2016/06/14";"0,997556";"98190353";"0";"-189652,37";"-0,19%";"-1,03%";"-0,56%";"-6,52%";"";"";""
"2016/06/13";"0,998375";"98460776";"0";"-145570,03";"-0,15%";"-0,95%";"-0,9%";"-6,44%";"";"";""
"2016/06/10";"1,002218";"98985907";"0";"89289,03";"0,09%";"-0,2%";"-1,29%";"-5,97%";"";"";""
"2016/06/09";"1,007754";"99442898";"0";"-343513,18";"-0,34%";"0,27%";"-0,52%";"-5,01%";"";"";""
"2016/06/08";"1,009624";"99971576";"0";"253660,78";"0,25%";"0,65%";"-0,6%";"-5,51%";"";"";""
"2016/06/07";"1,009784";"99733718";"0";"-905784,69";"-0,9%";"0,51%";"-1,07%";"-5,62%";"";"";""
"2016/06/06";"1,007894";"100451137";"0";"37234,39";"0,04%";"0,33%";"-1,36%";"-5,8%";"";"";""
"2016/06/03";"1,010306";"100654204";"0";"160284,49";"0,16%";"0,7%";"-1,49%";"-6,45%";"";"";""
"2016/06/02";"1,009473";"100411062";"0";"-17,91";"-0%";"0,76%";"-2,33%";"-6,42%";"";"";""
"2016/06/01";"1,009855";"100449077";"0";"-895489,45";"-0,88%";"1,29%";"-2,48%";"-6,66%";"";"";""
"2016/05/31";"1,012669";"101626967";"0";"25409,24";"0,02%";"2,16%";"-2,19%";"-6,32%";"";"";""
"2016/05/30";"1,014682";"101803523";"0";"18022,98";"0,02%";"2,36%";"-2%";"-6,13%";"";"";""
"2016/05/27";"1,012776";"101594304";"0";"44556,33";"0,04%";"2,18%";"-2,24%";"-6,9%";"";"";""
"2016/05/26";"1,011471";"101418897";"0";"48048,84";"0,05%";"2,05%";"-2,65%";"-6,79%";"";"";""
"2016/05/25";"1,012293";"101453230";"0";"61636,98";"0,06%";"2,48%";"-2,53%";"-6,91%";"";"";""
"2016/05/24";"1,011376";"101299746";"0";"-2429545,11";"-2,36%";"2,83%";"-2,53%";"-7%";"";"";""
"2016/05/23";"1,00533";"103109198";"0";"85272,68";"0,08%";"2,19%";"-3,48%";"-7,55%";"";"";""
"2016/05/20";"1,005434";"103034583";"0";"90060,5";"0,09%";"2,44%";"-3,4%";"-7,71%";"";"";""
"2016/05/19";"1,003047";"102700122";"0";"112850,74";"0,11%";"2,2%";"-3,46%";"-7,83%";"";"";""
"2016/05/18";"1,005114";"102798675";"0";"798564,63";"0,78%";"2,31%";"-3,35%";"-7,18%";"";"";""
"2016/05/17";"1,003623";"101848802";"0";"678744,5";"0,67%";"2,06%";"-3,51%";"-7,32%";"";"";""
"2016/05/13";"1,004015";"101209573";"0";"68045,09";"0,07%";"3,92%";"-2,96%";"-6,99%";"";"";""
"2016/05/12";"1,003737";"101113523";"0";"141492,73";"0,14%";"3,89%";"-3,34%";"-6,97%";"";"";""
"2016/05/11";"1,004114";"101009955";"0";"-3671322,05";"-3,5%";"4,38%";"-3,34%";"-6,97%";"";"";""
"2016/05/10";"1,006507";"104930753";"0";"117836,83";"0,11%";"3,85%";"-3,24%";"-6,57%";"";"";""
"2016/05/09";"1,003313";"104480308";"0";"103450,92";"0,1%";"3,59%";"-3,76%";"-6,87%";"";"";""
"2016/05/06";"0,999739";"104005046";"0";"-5621,85";"-0,01%";"2,26%";"-4,11%";"-6,9%";"";"";""
"2016/05/05";"0,999505";"103986323";"0";"69117,88";"0,07%";"2,24%";"-4,35%";"-7,01%";"";"";""
"2016/05/04";"0,999477";"103914294";"0";"21563,52";"0,02%";"1,97%";"-4,51%";"-7,64%";"";"";""
"2016/05/03";"1,000847";"104035138";"0";"53542,81";"0,05%";"1,86%";"-3,95%";"-7,15%";"";"";""
"2016/05/02";"1,009514";"104882041";"0";"14263,63";"0,01%";"2,71%";"-2,85%";"-6,35%";"";"";""
"2016/04/29";"1,012313";"105158536";"0";"19230,39";"0,02%";"2,02%";"-1,89%";"-6,68%";"";"";""
"2016/04/28";"1,015134";"105432296";"0";"42160,88";"0,04%";"2,88%";"-1,85%";"-7,05%";"";"";""
"2016/04/27";"1,017736";"105660272";"0";"35609,41";"0,03%";"3,05%";"-1,5%";"-7,21%";"";"";""
"2016/04/26";"1,018882";"105743599";"0";"54059,38";"0,05%";"3,27%";"-1,52%";"-6,56%";"";"";""
"2016/04/25";"1,016023";"105392973";"0";"31166,73";"0,03%";"3,23%";"-1,16%";"-6,82%";"";"";""
"2016/04/22";"1,018002";"105567029";"0";"155161,5";"0,15%";"3,02%";"-0,97%";"-6,63%";"";"";""
"2016/04/21";"1,018525";"105466023";"0";"134454,56";"0,13%";"3,95%";"-0,31%";"-6,26%";"";"";""
"2016/04/20";"1,017699";"105246147";"0";"75104,31";"0,07%";"4,24%";"-0,57%";"-6,44%";"";"";""
"2016/04/19";"1,01939";"105345794";"0";"53240,64";"0,05%";"3,68%";"-0,33%";"-5,91%";"";"";""
"2016/04/18";"1,017715";"105119543";"0";"905693,89";"0,87%";"3,81%";"-0,53%";"-6,07%";"";"";""
"2016/04/15";"1,017142";"104155174";"0";"654869,77";"0,63%";"3,48%";"-0,63%";"-6,64%";"";"";""
"2016/04/14";"1,017561";"103542940";"0";"145174,88";"0,14%";"2,52%";"-0,23%";"-6,4%";"";"";""
"2016/04/13";"1,015857";"103224616";"0";"45825,89";"0,04%";"2,12%";"-0,42%";"-6,72%";"";"";""
"2016/04/12";"1,009384";"102521339";"0";"183551,73";"0,18%";"1,03%";"-1,49%";"-7,14%";"";"";""
"2016/04/11";"1,00936";"102335354";"0";"26985,59";"0,03%";"1,64%";"-1,75%";"-7,14%";"";"";""
"2016/04/08";"1,009281";"102300361";"0";"142391,11";"0,14%";"1,56%";"-1,66%";"-5,95%";"";"";""
"2016/04/07";"1,007035";"101930633";"0";"95561,11";"0,09%";"0,82%";"-1,63%";"-5,84%";"";"";""
"2016/04/06";"1,010796";"102215398";"0";"30143,57";"0,03%";"0,33%";"-0,74%";"-5,05%";"";"";""
"2016/04/05";"1,009534";"102057674";"0";"39451,05";"0,04%";"-0,12%";"-0,59%";"-5,16%";"";"";""
"2016/04/04";"1,014118";"102481458";"0";"-42,26";"-0%";"0,64%";"0,47%";"-4,73%";"";"";""
"2016/04/01";"1,013347";"102403587";"0";"-75374,81";"-0,07%";"0,05%";"0,55%";"-4,77%";"";"";""
"2016/03/31";"1,016375";"102785181";"0";"126637,8";"0,12%";"0,35%";"0,95%";"-4,3%";"";"";""
"2016/03/30";"1,016984";"102720055";"0";"60105,67";"0,06%";"0,29%";"1,01%";"-4,34%";"";"";""
"2016/03/29";"1,01433";"102392040";"0";"72267,48";"0,07%";"-0,32%";"1,06%";"-4,19%";"";"";""
"2016/03/25";"1,01237";"102122059";"0";"38158,4";"0,04%";"-0,44%";"0,23%";"-4,39%";"";"";""
"2016/03/24";"1,012184";"102065145";"0";"59525,23";"0,06%";"-0,45%";"0,75%";"-5,15%";"";"";""
"2016/03/23";"1,011922";"101979216";"0";"46994,74";"0,05%";"-0,48%";"0,58%";"-5,61%";"";"";""
"2016/03/22";"1,011655";"101905326";"0";"136812,32";"0,13%";"0,09%";"0,45%";"-5,68%";"";"";""
"2016/03/21";"1,01132";"101734814";"0";"49175,52";"0,05%";"0,03%";"-0,1%";"-5,71%";"";"";""
"2016/03/18";"1,012406";"101794833";"0";"736941,64";"0,73%";"0,05%";"0,55%";"-5,16%";"";"";""
"2016/03/17";"1,008496";"100667597";"0";"591595,39";"0,59%";"-0,55%";"-0,7%";"-5,25%";"";"";""
"2016/03/16";"1,008356";"100062109";"0";"113229,96";"0,11%";"-0,43%";"-0,74%";"-5,53%";"";"";""
"2016/03/11";"1,007908";"99904473";"0";"65334,97";"0,07%";"0,04%";"-0,57%";"-5,04%";"";"";""
"2016/03/10";"1,004216";"99473424";"0";"85085,14";"0,09%";"-1,1%";"-1,08%";"-4,97%";"";"";""
"2016/03/09";"1,005041";"99469990";"0";"1083,1";"0%";"-0,79%";"-0,86%";"-5,09%";"";"";""
"2016/03/08";"1,003071";"99273936";"0";"189067,58";"0,19%";"-1,25%";"-1,04%";"-5,11%";"";"";""
"2016/03/07";"1,004684";"99244203";"0";"29540,1";"0,03%";"-1,57%";"-0,67%";"-4,95%";"";"";""
"2016/03/04";"1,004615";"99207849";"0";"2031415,94";"2,05%";"-1,69%";"-0,89%";"-5,09%";"";"";""
"2016/03/03";"1,003304";"97049620";"0";"267148";"0,28%";"-2,17%";"-1,55%";"-5,1%";"";"";""
"2016/03/02";"1,001814";"96638741";"0";"-5,63";"-0%";"-3,07%";"-1,18%";"-5,2%";"";"";""
"2016/03/01";"0,99703";"96177264";"0";"";"";"-3,72%";"-1,57%";"-5,48%";"";"";""
"2016/02/29";"0,991305";"96870343";"0";"19127,72";"0,02%";"-4,31%";"-3,04%";"-6,02%";"";"";""
"2016/02/26";"0,991199";"96840859";"0";"31774,19";"0,03%";"-4,6%";"-1,71%";"-6,01%";"";"";""
"2016/02/25";"0,987794";"96476523";"0";"20491,27";"0,02%";"-4,89%";"-1,55%";"-6,62%";"";"";""
"2016/02/24";"0,983547";"96041321";"0";"51109,43";"0,05%";"-5,21%";"-1,56%";"-7,17%";"";"";""
"2016/02/23";"0,983786";"96013537";"0";"64234,49";"0,07%";"-5,55%";"-4,67%";"-6,78%";"";"";""
"2016/02/22";"0,986476";"96211660";"0";"17629,6";"0,02%";"-5,23%";"-4,41%";"-6,32%";"";"";""
"2016/02/19";"0,981442";"95703151";"0";"801841,71";"0,84%";"-5,54%";"-4,9%";"-6,83%";"";"";""
"2016/02/18";"0,982462";"94999939";"0";"";"";"-5,52%";"-4,93%";"-6,8%";"";"";""
"2016/02/17";"0,98336";"94899898";"0";"715109,87";"0,75%";"-5,46%";"-5,18%";"-6,6%";"";"";""
"2016/02/16";"0,974194";"93306882";"0";"594472,7";"0,64%";"-5,84%";"-5,98%";"-7,45%";"";"";""
"2016/02/15";"0,972";"92503610";"0";"-127515,35";"-0,14%";"-6,05%";"-6,2%";"-7,48%";"";"";""
"2016/02/12";"0,966156";"92074195";"0";"";"";"-6,96%";"-7,13%";"-8,13%";"";"";""
"2016/02/11";"0,96202";"91626077";"0";"89793,3";"0,1%";"-7,39%";"-8,23%";"-8,08%";"";"";""
"2016/02/10";"0,969198";"92219271";"0";"84130,15";"0,09%";"-6,83%";"-7,6%";"-7,63%";"";"";""
"2016/02/09";"0,968505";"92069262";"0";"-1683285,17";"-1,83%";"-7,1%";"-7,58%";"-7,27%";"";"";""
"2016/02/08";"0,971445";"94037143";"0";"41222,61";"0,04%";"-6,82%";"-7,3%";"-7%";"";"";""
"2016/02/05";"0,97763";"94594374";"0";"84596,84";"0,09%";"-6,45%";"-7,13%";"-6,94%";"";"";""
"2016/02/04";"0,980188";"94757065";"0";"40434,63";"0,04%";"-6,35%";"-6,21%";"-6,69%";"";"";""
"2016/02/03";"0,982531";"94943037";"0";"36471,71";"0,04%";"-5,7%";"-5,97%";"-6,81%";"";"";""
"2016/02/02";"0,982911";"94943271";"0";"-98059,26";"-0,1%";"-5,41%";"-6,34%";"-6,77%";"";"";""
"2016/02/01";"0,990144";"95740716";"0";"-19986,65";"-0,02%";"-3,71%";"-5,65%";"-5,83%";"";"";""
"2016/01/29";"0,992275";"95966800";"0";"-1121064,01";"-1,17%";"-3,84%";"-4,94%";"-5,76%";"";"";""
"2016/01/28";"0,986715";"96543853";"0";"91556,04";"0,09%";"-4,6%";"-5,29%";"-6,32%";"";"";""
"2016/01/27";"0,987578";"96536656";"0";"-297927,38";"-0,31%";"-4,42%";"-5,1%";"-6,81%";"";"";""
"2016/01/26";"0,986582";"96736923";"0";"-5418,47";"-0,01%";"-4,64%";"-5,95%";"-7,07%";"";"";""
"2016/01/25";"0,984198";"96508571";"0";"41453,72";"0,04%";"-4,26%";"-6,18%";"-7,22%";"";"";""
"2016/01/22";"0,988189";"96858299";"0";"711033,59";"0,73%";"-3,87%";"-6,13%";"-6,24%";"";"";""
"2016/01/21";"0,979781";"95329197";"0";"708700,06";"0,74%";"-4,1%";"-7,69%";"-6,54%";"";"";""
"2016/01/20";"0,976328";"94287030";"0";"29021,82";"0,03%";"-4,61%";"-8,05%";"-6,76%";"";"";""
"2016/01/19";"0,983216";"94922999";"0";"-356982,76";"-0,38%";"-3,87%";"-7,57%";"-5,82%";"";"";""
"2016/01/18";"0,980327";"95000019";"0";"-2492315,11";"-2,62%";"-4,18%";"-7,84%";"-6,5%";"";"";""
"2016/01/15";"0,982936";"97751796";"0";"-29996,16";"-0,03%";"-3,97%";"-7,17%";"-5,85%";"";"";""
"2016/01/14";"0,992512";"98734406";"0";"-83451,63";"-0,08%";"-2,69%";"-6,4%";"-4,32%";"";"";""
"2016/01/13";"0,994758";"99041477";"0";"140002,23";"0,14%";"-2,49%";"-5,85%";"-4,12%";"";"";""
"2016/01/12";"0,99906";"99329191";"0";"15143,09";"0,02%";"-2,5%";"-5,17%";"-3,23%";"";"";""
"2016/01/11";"0,993038";"98715416";"0";"-7664208,66";"-7,76%";"-3,34%";"-5,75%";"-3,91%";"";"";""
"2016/01/08";"0,993822";"106463611";"0";"-623146,35";"-0,59%";"-3,16%";"-5,37%";"-4,34%";"";"";""
"2016/01/07";"0,998881";"107631877";"0";"575878,75";"0,54%";"-2,43%";"-5,68%";"-2,96%";"";"";""
"2016/01/06";"1,007474";"107976961";"0";"-29,99";"-0%";"-1,06%";"-5,04%";"-1,41%";"";"";""
"2016/01/05";"1,010776";"108330886";"0";"-0,57";"-0%";"-0,47%";"-4,94%";"-1,35%";"";"";""
"2016/01/04";"1,007647";"107995533";"0";"34,34";"0%";"-0,17%";"-5,23%";"-1,62%";"";"";""
"2015/12/31";"1,012833";"108551313";"0";"822692,66";"0,76%";"0,6%";"-4,75%";"-1,11%";"";"";""
"2015/12/30";"1,013998";"107852534";"0";"529183,13";"0,49%";"0,72%";"-4,64%";"-1,04%";"";"";""
"2015/12/29";"1,017625";"107707239";"0";"200198,53";"0,19%";"1,39%";"-3,87%";"-0,76%";"";"";""
"2015/12/28";"1,015288";"107260148";"0";"862481,69";"0,8%";"1,12%";"-5,11%";"-0,56%";"";"";""
"2015/12/23";"1,016796";"106555698";"0";"204919,4";"0,19%";"1,06%";"-4,83%";"-0,41%";"";"";""
"2015/12/22";"1,010711";"105714324";"0";"";"";"0,35%";"-5,21%";"-1,39%";"";"";""
"2015/12/21";"1,011023";"104408636";"0";"3559919,5";"3,41%";"-0,13%";"-4,65%";"-0,72%";"";"";""
"2015/12/18";"1,011942";"100940386";"0";"1006346,21";"1%";"0,5%";"-4,22%";"-0,37%";"";"";""
"2015/12/17";"1,01411";"100148140";"0";"859425,31";"0,86%";"-0,15%";"-4,29%";"1,38%";"";"";""
"2015/12/16";"1,012662";"99146945";"0";"687808,48";"0,69%";"-0,31%";"-4,51%";"1,7%";"";"";""
"2015/12/15";"1,008941";"98097351";"0";"135879,98";"0,14%";"-0,38%";"-4,84%";"1,32%";"";"";""
"2015/12/14";"1,003221";"97406097";"0";"26940,91";"0,03%";"-0,61%";"-5,99%";"-0,13%";"";"";""
"2015/12/11";"1,00749";"97793533";"0";"6876327,77";"7,03%";"-0,61%";"-5,66%";"-0,28%";"";"";""
"2015/12/10";"1,015359";"91627314";"0";"-767057,38";"-0,84%";"0,02%";"-4,74%";"0,5%";"";"";""
"2015/12/09";"1,013012";"92180802";"0";"421341,75";"0,46%";"-0,07%";"-4,52%";"-0,07%";"";"";""
"2015/12/08";"1,015768";"92009101";"0";"262658,16";"0,29%";"0,21%";"-4,94%";"-0,67%";"";"";""
"2015/12/07";"1,020712";"92192996";"0";"8736,58";"0,01%";"0,91%";"-4,6%";"-0,35%";"";"";""
"2015/12/04";"1,021836";"92285772";"0";"522131,09";"0,57%";"0,81%";"-4,77%";"-0,1%";"";"";""
"2015/12/03";"1,025561";"92098156";"0";"731779,49";"0,79%";"0,63%";"-5,04%";"0,21%";"";"";""
"2015/12/02";"1,033585";"92081228";"0";"274587,89";"0,3%";"1,95%";"-4,18%";"1,95%";"";"";""
"2015/12/01";"1,035546";"91980823";"0";"-872099,79";"-0,95%";"2,23%";"-4,29%";"2,15%";"";"";""
"2015/11/30";"1,035339";"92834362";"0";"20540,06";"0,02%";"1,27%";"-4,22%";"1,51%";"";"";""
"2015/11/27";"1,03596";"92869492";"0";"205147,54";"0,22%";"1,45%";"-4,77%";"1,49%";"";"";""
"2015/11/26";"1,038967";"92933314";"0";"72595,29";"0,08%";"3,02%";"-4,26%";"2,03%";"";"";""
"2015/11/25";"1,038555";"92823895";"0";"29041,23";"0,03%";"3,51%";"-4,5%";"2,22%";"";"";""
"2015/11/24";"1,037587";"92708363";"0";"25067,29";"0,03%";"3,85%";"-4,59%";"2,32%";"";"";""
"2015/11/23";"1,041578";"93039795";"0";"1281220,74";"1,38%";"0,93%";"-4,22%";"2,92%";"";"";""
"2015/11/20";"1,040865";"91695762";"0";"199708,82";"0,22%";"0,86%";"-4,45%";"3,65%";"";"";""
"2015/11/19";"1,038953";"91327981";"0";"69028,25";"0,08%";"0,68%";"-4,54%";"3,27%";"";"";""
"2015/11/18";"1,039911";"91343101";"0";"62793,72";"0,07%";"0,63%";"-3,97%";"3,13%";"";"";""
"2015/11/17";"1,040141";"91300496";"0";"-995175,65";"-1,09%";"0,3%";"-3,95%";"3,32%";"";"";""
"2015/11/16";"1,034561";"91800537";"0";"413433,39";"0,45%";"-0,16%";"-4,46%";"2,61%";"";"";""
"2015/11/13";"1,034625";"91392757";"0";"1855395,42";"2,03%";"-0,57%";"-4,15%";"2,75%";"";"";""
"2015/11/12";"1,038451";"89868467";"0";"536143,53";"0,6%";"-0,18%";"-3,75%";"2,78%";"";"";""
"2015/11/11";"1,038757";"89358647";"0";"95597,39";"0,11%";"-0,91%";"-3,76%";"2,64%";"";"";""
"2015/11/10";"1,040234";"89389972";"0";"1015989,28";"1,14%";"-0,82%";"-3,44%";"2,68%";"";"";""
"2015/11/09";"1,042471";"88564029";"0";"106552,76";"0,12%";"-0,52%";"-3,23%";"3,04%";"";"";""
"2015/11/06";"1,042582";"88466895";"0";"1031508,06";"1,17%";"-0,7%";"-2,91%";"3,03%";"";"";""
"2015/11/05";"1,045013";"87639261";"0";"-351813,07";"-0,4%";"-0,73%";"-2,78%";"3,37%";"";"";""
"2015/11/04";"1,046645";"88128490";"0";"28820";"0,03%";"0,15%";"-3,28%";"3,79%";"";"";""
"2015/11/03";"1,041968";"87705991";"0";"795111,4";"0,91%";"-0,28%";"-3,34%";"3,08%";"";"";""
"2015/11/02";"1,039137";"86674745";"0";"63419,2";"0,07%";"-0,98%";"-3,6%";"2,93%";"";"";""
"2015/10/30";"1,028304";"85708403";"0";"14862,32";"0,02%";"-1,59%";"-4,61%";"2,27%";"";"";""
"2015/10/29";"1,031853";"85989296";"0";"39247,54";"0,05%";"-1,15%";"-4,88%";"3,23%";"";"";""
"2015/10/28";"1,034274";"86151710";"0";"17746,64";"0,02%";"-0,72%";"-5,3%";"3,43%";"";"";""
"2015/10/27";"1,033275";"86050767";"0";"4428,93";"0,01%";"-0,71%";"-5,79%";"3,33%";"";"";""
"2015/10/26";"1,034633";"86159426";"0";"-80847,77";"-0,09%";"-1,37%";"-5,11%";"";"";"";""
"2015/10/22";"1,027997";"85687140";"0";"53769,96";"0,06%";"-2,35%";"-5,71%";"";"";"";""
"2015/10/21";"1,021642";"85103991";"0";"-13397,26";"-0,02%";"-3,75%";"-5,98%";"";"";"";""
"2015/10/20";"1,023512";"85273186";"0";"187492,3";"0,22%";"-3,61%";"-5,91%";"";"";"";""
"2015/10/19";"1,022805";"85026920";"0";"520546,92";"0,61%";"-3,85%";"-5,6%";"";"";"";""
"2015/10/16";"1,023099";"84530664";"0";"926373,32";"1,1%";"-3,8%";"-6,65%";"";"";"";""
"2015/10/15";"1,023585";"83644005";"0";"94923,88";"0,11%";"-3,33%";"-6,05%";"";"";"";""
"2015/10/14";"1,01991";"83249113";"0";"33578,62";"0,04%";"-3,82%";"-6,18%";"";"";"";""
"2015/10/13";"1,020131";"83233566";"0";"778692,86";"0,94%";"-3,45%";"-6,33%";"";"";"";""
"2015/10/12";"1,024677";"82822316";"0";"30402,44";"0,04%";"-2,74%";"-5,73%";"";"";"";""
"2015/10/09";"1,027334";"83006594";"0";"24503,82";"0,03%";"-2,61%";"-5%";"";"";"";""
"2015/10/08";"1,026294";"82898085";"0";"61445,01";"0,07%";"-2,27%";"-4,37%";"";"";"";""
"2015/10/07";"1,023707";"82627832";"0";"71236,39";"0,09%";"-3,34%";"-4,28%";"";"";"";""
"2015/10/06";"1,01829";"82119743";"0";"28626,31";"0,03%";"-4,02%";"-4,34%";"";"";"";""
"2015/10/05";"1,015532";"81868776";"0";"-442805,46";"-0,54%";"-4,49%";"-4,6%";"";"";"";""
"2015/10/02";"1,009372";"81812297";"0";"7";"0%";"-5,25%";"-5,18%";"";"";"";""
"2015/10/01";"1,007853";"81689171";"0";"48124,76";"0,06%";"-5,39%";"-5,29%";"";"";"";""
"2015/09/30";"1,006787";"81554695";"0";"-919294,9";"-1,13%";"-5,32%";"-5,3%";"";"";"";""
"2015/09/29";"1,0037";"82221109";"0";"-272675,87";"-0,33%";"-5,19%";"-5,19%";"";"";"";""
"2015/09/28";"1,004075";"82524606";"0";"74971,07";"0,09%";"-6,16%";"-5,16%";"";"";"";""
"2015/09/25";"1,01004";"82939451";"0";"60829,08";"0,07%";"-5,64%";"-4,61%";"";"";"";""
"2015/09/24";"1,004621";"82433967";"0";"41331,6";"0,05%";"-6,07%";"-5,86%";"";"";"";""
"2015/09/23";"1,00613";"82516394";"0";"-20194,3";"-0,02%";"-5,82%";"-6,15%";"";"";"";""
"2015/09/22";"1,007159";"82621001";"0";"100558,88";"0,12%";"-5,54%";"-6,1%";"";"";"";""
"2015/09/21";"1,012333";"82944368";"0";"3592,15";"0%";"-4,53%";"-5,61%";"";"";"";""
"2015/09/18";"1,006891";"82494911";"0";"205788,41";"0,25%";"-4,7%";"-5,68%";"";"";"";""
"2015/09/17";"1,015647";"83004715";"0";"697556,71";"0,84%";"-4,14%";"-4,58%";"";"";"";""
"2015/09/16";"1,015844";"82323123";"0";"1351646,93";"1,64%";"-4,21%";"-4,83%";"";"";"";""
"2015/09/15";"1,012756";"80725336";"0";"96206,42";"0,12%";"-4,48%";"-4,55%";"";"";"";""
"2015/09/14";"1,00937";"80359558";"0";"8617,47";"0,01%";"-5,41%";"-4,87%";"";"";"";""
"2015/09/11";"1,013668";"80693083";"0";"96613,24";"0,12%";"-5,08%";"-4,5%";"";"";"";""
"2015/09/10";"1,015183";"80716927";"0";"24250,1";"0,03%";"-4,75%";"-3,93%";"";"";"";""
"2015/09/09";"1,013728";"80577025";"0";"52310,56";"0,06%";"-4,45%";"-4,27%";"";"";"";""
"2015/09/08";"1,013651";"80518598";"0";"24209,34";"0,03%";"-5,14%";"-4,11%";"";"";"";""
"2015/09/07";"1,011483";"80322227";"0";"22367,7";"0,03%";"-5,46%";"-4,31%";"";"";"";""
"2015/09/04";"1,013669";"80473402";"0";"-201371,66";"-0,25%";"-5,53%";"-4,23%";"";"";"";""
"2015/09/03";"1,019139";"81110114";"0";"75247,54";"0,09%";"-5,63%";"-3,61%";"";"";"";""
"2015/09/02";"1,013823";"80612175";"0";"-15,54";"-0%";"-6,01%";"-4,06%";"";"";"";""
"2015/09/01";"1,012941";"80542060";"0";"-321627,18";"-0,4%";"-6,38%";"-3,97%";"";"";"";""
"2015/08/31";"1,023432";"81701190";"0";"1332940,85";"1,63%";"-5,32%";"-2,98%";"";"";"";""
"2015/08/28";"1,022362";"80284224";"0";"23657,17";"0,03%";"-5,62%";"-3,08%";"";"";"";""
"2015/08/27";"1,021105";"80161886";"0";"41260,33";"0,05%";"-6,14%";"-3,2%";"";"";"";""
"2015/08/26";"1,008472";"79129382";"0";"23683,81";"0,03%";"-7,07%";"-4,37%";"";"";"";""
"2015/08/25";"1,00331";"78700785";"0";"-172822,63";"-0,22%";"-7,74%";"-5,15%";"";"";"";""
"2015/08/24";"0,999098";"78542488";"0";"-4222362,68";"-5,38%";"-8,13%";"-5,71%";"";"";"";""
"2015/08/19";"1,031983";"85489030";"0";"73571,08";"0,09%";"-5,18%";"-2,03%";"";"";"";""
"2015/08/18";"1,033355";"85529017";"0";"-1317666,58";"-1,54%";"-4,57%";"-1,97%";"";"";"";""
"2015/08/17";"1,037073";"87159157";"0";"-68673,72";"-0,08%";"-4,23%";"-1,5%";"";"";"";""
"2015/08/14";"1,036209";"87155160";"0";"341059,1";"0,39%";"-4,06%";"-1,37%";"";"";"";""
"2015/08/13";"1,040541";"87177038";"0";"313004,62";"0,36%";"-3,6%";"-0,95%";"";"";"";""
"2015/08/12";"1,040363";"86849174";"0";"33888,46";"0,04%";"-3,58%";"-1,07%";"";"";"";""
"2015/08/11";"1,048248";"87473266";"0";"80734,2";"0,09%";"-2,88%";"0,15%";"";"";"";""
"2015/08/10";"1,04887";"87444388";"0";"10509,33";"0,01%";"-2,64%";"-0,03%";"";"";"";""
"2015/08/07";"1,047935";"87355937";"0";"39434,98";"0,05%";"-2,32%";"0,33%";"";"";"";""
"2015/08/06";"1,049895";"87479814";"0";"40700,6";"0,05%";"-2,23%";"0,51%";"";"";"";""
"2015/08/05";"1,052682";"87671225";"0";"-177366,38";"-0,2%";"-2,06%";"0,21%";"";"";"";""
"2015/08/04";"1,045091";"87215106";"0";"38944,16";"0,04%";"-3,42%";"-0,51%";"";"";"";""
"2015/08/03";"1,04486";"87156893";"0";"-34320,85";"-0,04%";"-3,07%";"-0,9%";"";"";"";""
"2015/07/31";"1,049412";"87571068";"0";"29902,68";"0,03%";"-2,65%";"-0,19%";"";"";"";""
"2015/07/30";"1,044908";"87165445";"0";"149888,64";"0,17%";"-3,07%";"-0,62%";"";"";"";""
"2015/07/29";"1,043877";"86929699";"0";"21745,71";"0,03%";"-3,77%";"-0,86%";"";"";"";""
"2015/07/28";"1,041809";"86735782";"0";"318835,42";"0,37%";"-4,61%";"-1,09%";"";"";"";""
"2015/07/27";"1,040665";"86322053";"0";"14335,24";"0,02%";"-5,12%";"-1,81%";"";"";"";""
"2015/07/24";"1,048974";"86996826";"0";"16805,1";"0,02%";"-3,8%";"-1,11%";"";"";"";""
"2015/07/23";"1,047934";"86893785";"0";"-71955";"-0,08%";"-4,24%";"-1,21%";"";"";"";""
"2015/07/22";"1,052771";"87367152";"0";"189066,29";"0,22%";"-3,44%";"-0,11%";"";"";"";""
"2015/07/21";"1,061451";"87896861";"0";"75045,5";"0,09%";"-2,31%";"1,25%";"";"";"";""
"2015/07/20";"1,061811";"87851601";"0";"110404,62";"0,13%";"-2,39%";"1,41%";"";"";"";""
"2015/07/17";"1,063714";"87898448";"0";"316380";"0,36%";"-1,82%";"1,46%";"";"";"";""
"2015/07/16";"1,063473";"87562225";"0";"457935,43";"0,52%";"-2,97%";"1,43%";"";"";"";""
"2015/07/15";"1,058844";"86725149";"0";"-201373,32";"-0,23%";"-2,81%";"1,42%";"";"";"";""
"2015/07/14";"1,060377";"87052375";"0";"-675502,41";"-0,78%";"-2,46%";"2,22%";"";"";"";""
"2015/07/13";"1,056566";"87412583";"0";"1045916,3";"1,2%";"-2,98%";"1,84%";"";"";"";""
"2015/07/10";"1,053571";"86121847";"0";"57959,37";"0,07%";"-3,08%";"1,95%";"";"";"";""
"2015/07/09";"1,054851";"86168448";"0";"216419,73";"0,25%";"-2,46%";"2,08%";"";"";"";""
"2015/07/08";"1,050176";"85571097";"0";"176150,05";"0,21%";"-2,14%";"1,08%";"";"";"";""
"2015/07/07";"1,059084";"86119300";"0";"31162,68";"0,04%";"-0,97%";"2,89%";"";"";"";""
"2015/07/06";"1,06095";"86239816";"0";"1027170,78";"1,19%";"-0,33%";"3,83%";"";"";"";""
"2015/07/03";"1,063272";"85399142";"0";"-5840585,72";"-6,84%";"-0,12%";"3,82%";"";"";"";""
"2015/07/02";"1,065311";"91414695";"0";"1279954,38";"1,4%";"0,08%";"4,01%";"";"";"";""
"2015/07/01";"1,065264";"90130764";"0";"30073,89";"0,03%";"0,11%";"4,01%";"";"";"";""
"2015/06/30";"1,06334";"89937957";"0";"74948,71";"0,08%";"0,02%";"3,78%";"";"";"";""
"2015/06/29";"1,058625";"89464543";"0";"170812,55";"0,19%";"-0,01%";"3,23%";"";"";"";""
"2015/06/26";"1,070009";"90253957";"0";"100747,29";"0,11%";"1,62%";"4,8%";"";"";"";""
"2015/06/25";"1,07045";"90190366";"0";"12945,48";"0,01%";"1,09%";"4,85%";"";"";"";""
"2015/06/24";"1,069549";"90101518";"0";"255445,59";"0,28%";"0,23%";"4,76%";"";"";"";""
"2015/06/23";"1,068358";"89746024";"0";"539699,13";"0,6%";"-0,35%";"4,64%";"";"";"";""
"2015/06/22";"1,066228";"89028473";"0";"45737,1";"0,05%";"-0,59%";"4,02%";"";"";"";""
"2015/06/19";"1,06032";"88489680";"0";"111707,03";"0,13%";"-0,57%";"4,12%";"";"";"";""
"2015/06/18";"1,056546";"88063409";"0";"151290,06";"0,17%";"-1,03%";"4,03%";"";"";"";""
"2015/06/17";"1,059516";"88159244";"0";"-203023,68";"-0,23%";"-0,46%";"5,92%";"";"";"";""
"2015/06/16";"1,060505";"88444749";"0";"1783958,52";"2,02%";"-0,64%";"6,5%";"";"";"";""
"2015/06/15";"1,060228";"86638155";"0";"47303";"0,05%";"-0,08%";"6,47%";"";"";"";""
"2015/06/12";"1,06715";"87156185";"0";"-12762185,06";"-14,64%";"0,5%";"6,23%";"";"";"";""
"2015/06/11";"1,067947";"99992994";"0";"1091121,12";"1,09%";"0,61%";"5,7%";"";"";"";""
"2015/06/10";"1,065863";"98708875";"0";"1153232,77";"1,17%";"0,86%";"5,49%";"";"";"";""
"2015/06/09";"1,060923";"97103497";"0";"-5256813,18";"-5,41%";"0,19%";"4,66%";"";"";"";""
"2015/06/08";"1,06854";"103095216";"0";"118259,16";"0,11%";"1,09%";"4,49%";"";"";"";""
"2015/06/05";"1,069945";"103112359";"0";"6095730,66";"5,91%";"0,99%";"4,46%";"";"";"";""
"2015/06/04";"1,073002";"97293820";"0";"-5220,92";"-0,01%";"1,37%";"4,9%";"";"";"";""
"2015/06/03";"1,079989";"97932617";"0";"977124,13";"1%";"2,15%";"5,53%";"";"";"";""
"2015/06/02";"1,078689";"96838786";"0";"-37633,38";"-0,04%";"2,07%";"6,4%";"";"";"";""
"2015/06/01";"1,081923";"97166863";"0";"-543167,17";"-0,56%";"2,57%";"6,72%";"";"";"";""
"2015/05/29";"1,080956";"97622699";"0";"7330880,72";"7,51%";"2,47%";"5,98%";"";"";"";""
"2015/05/28";"1,083278";"90485774";"0";"2417565,31";"2,67%";"2,69%";"6,21%";"";"";"";""
"2015/05/27";"1,087858";"88440553";"0";"1501795,17";"1,7%";"3,13%";"6,57%";"";"";"";""
"2015/05/26";"1,085169";"86723860";"0";"511280,67";"0,59%";"2,9%";"6,56%";"";"";"";""
"2015/05/22";"1,087481";"86396259";"0";"10116638,63";"11,71%";"3,27%";"7,46%";"";"";"";""
"2015/05/21";"1,08759";"76287266";"0";"85911,11";"0,11%";"3,28%";"7,47%";"";"";"";""
"2015/05/20";"1,089377";"76326560";"0";"-992,57";"-0%";"3,45%";"8,48%";"";"";"";""
"2015/05/19";"1,088312";"76252933";"0";"161185,32";"0,21%";"3,32%";"8,17%";"";"";"";""
"2015/05/18";"1,082848";"75709720";"0";"203245,69";"0,27%";"2,72%";"7,39%";"";"";"";""
"2015/05/15";"1,082912";"75510937";"0";"1374780,3";"1,82%";"3,08%";"7,41%";"";"";"";""
"2015/05/14";"1,080017";"73937965";"0";"63047,84";"0,09%";"2,8%";"7,12%";"";"";"";""
"2015/05/13";"1,079429";"73834697";"0";"597410,27";"0,81%";"2,75%";"7,2%";"";"";"";""
"2015/05/12";"1,078953";"73204991";"0";"867385,5";"1,18%";"2,6%";"6,79%";"";"";"";""
"2015/05/11";"1,079371";"72365630";"0";"1019128,45";"1,41%";"3,13%";"6,66%";"";"";"";""
"2015/05/08";"1,077297";"71209410";"0";"86697,74";"0,12%";"3,14%";"6,48%";"";"";"";""
"2015/05/07";"1,072793";"70825360";"0";"-982778,99";"-1,39%";"2,71%";"6,04%";"";"";"";""
"2015/05/06";"1,073788";"71874740";"0";"784153,44";"1,09%";"2,8%";"6,11%";"";"";"";""
"2015/05/05";"1,074866";"71161956";"0";"16013,53";"0,02%";"2,32%";"6,32%";"";"";"";""
"2015/05/04";"1,082154";"71628339";"0";"22627,11";"0,03%";"3,01%";"7,31%";"";"";"";""
"2015/04/30";"1,077951";"71327601";"0";"47743,25";"0,07%";"2,52%";"7,21%";"";"";"";""
"2015/04/29";"1,084773";"71730964,697218";"";"330377,73";"0,46%";"3,03%";"8,52%";"";"";"";""
"2015/04/28";"1,092182";"71888253";"0";"2141,75";"0%";"3,69%";"9,22%";"";"";"";""
"2015/04/27";"1,09681";"72190720,667696";"";"2669113,76";"3,7%";"3,49%";"9,68%";"";"";"";""
"2015/04/24";"1,090407";"69115750,967289";"";"24,23";"0%";"2,79%";"";"";"";"";""
"2015/04/23";"1,094317";"69363563,090845";"";"616827,13";"0,89%";"3,16%";"";"";"";"";""
"2015/04/22";"1,090238";"68490486,684392";"";"5966931,88";"8,71%";"3,45%";"";"";"";"";""
"2015/04/21";"1,086571";"62313257,722239";"";"83521,56";"0,13%";"3,65%";"";"";"";"";""
"2015/04/20";"1,087768";"62298290,349335";"";"1361963,87";"2,19%";"3,88%";"";"";"";"";""
"2015/04/17";"1,083438";"60693761,621841";"";"1001741,68";"1,65%";"3,34%";"";"";"";"";""
"2015/04/16";"1,096006";"60384453,941018";"";"599620,31";"0,99%";"4,54%";"";"";"";"";""
"2015/04/15";"1,089497";"59429781,307319";"";"1863504,35";"3,14%";"4,35%";"";"";"";"";""
"2015/04/14";"1,087132";"57441316,312702";"";"4,82";"0%";"4,8%";"";"";"";"";""
"2015/04/13";"1,089016";"57540857,297428";"";"7602965,65";"13,21%";"4,96%";"";"";"";"";""
"2015/04/10";"1,087";"49845446";"0";"76449,31";"0,15%";"5,19%";"";"";"";"";""
"2015/04/09";"1,081447";"49514749";"0";"437960,87";"0,88%";"4,65%";"";"";"";"";""
"2015/04/08";"1,073177";"48701490";"0";"441561,19";"0,91%";"3,29%";"";"";"";"";""
"2015/04/07";"1,0695";"48094577";"0";"501378,91";"1,04%";"3,9%";"";"";"";"";""
"2015/04/03";"1,064514";"47371319";"0";"-7,5";"-0%";"3,94%";"";"";"";"";""
"2015/04/02";"1,064509";"47371104";"0";"48022,13";"0,1%";"3,94%";"";"";"";"";""
"2015/04/01";"1,064092";"47304544";"0";"218568,19";"0,46%";"3,9%";"";"";"";"";""
"2015/03/31";"1,062016";"46994113";"0";"156344,05";"0,33%";"3,69%";"";"";"";"";""
"2015/03/30";"1,063171";"46888707,568378";"";"19099,64";"0,04%";"3,76%";"";"";"";"";""
"2015/03/27";"1,058691";"46672108,334764";"";"129687,69";"0,28%";"3,69%";"";"";"";"";""
"2015/03/26";"1,052956";"46290297,233359";"";"11,04";"0%";"3,13%";"";"";"";"";""
"2015/03/25";"1,058899";"46551553,683278";"";"103080,89";"0,22%";"3,72%";"";"";"";"";""
"2015/03/24";"1,067138";"46809875,506868";"";"93226,58";"0,2%";"4,52%";"";"";"";"";""
"2015/03/23";"1,072107";"46934179,391941";"";"1142188,91";"2,43%";"5,01%";"";"";"";"";""
"2015/03/20";"1,072547";"45810783,826151";"";"-1,93";"-0%";"5,32%";"";"";"";"";""
"2015/03/19";"1,066349";"45546055,865241";"";"989183,03";"2,17%";"4,71%";"";"";"";"";""
"2015/03/18";"1,06753";"44606220,339749";"";"190935,3";"0,43%";"5,11%";"";"";"";"";""
"2015/03/17";"1,064384";"44284393,644476";"";"336041,23";"0,76%";"6,41%";"";"";"";"";""
"2015/03/16";"1,067365";"44071437,723668";"";"157454,89";"0,36%";"7,19%";"";"";"";"";""
"2015/03/13";"1,061062";"43654662,133756";"";"69139,8";"0,16%";"5,62%";"";"";"";"";""
"2015/03/12";"1,061788";"43615344,429085";"";"195910,88";"0,45%";"5,7%";"";"";"";"";""
"2015/03/11";"1,061448";"43405530,013455";"";"17499,33";"0,04%";"5,06%";"";"";"";"";""
"2015/03/10";"1,056724";"43194931,203878";"";"53531,23";"0,12%";"4,59%";"";"";"";"";""
"2015/03/09";"1,058951";"43232318,598376";"";"392489,39";"0,91%";"4,47%";"";"";"";"";""
"2015/03/06";"1,057043";"42762641,129838";"";"145728,85";"0,34%";"3,2%";"";"";"";"";""
"2015/03/05";"1,059455";"42714157,13769";"";"2016769,66";"4,72%";"3,43%";"";"";"";"";""
"2015/03/04";"1,058494";"40660472,089";"";"206153,67";"0,51%";"3,48%";"";"";"";"";""
"2015/03/03";"1,057276";"40407767,978299";"";"4969,93";"0,01%";"3,31%";"";"";"";"";""
"2015/03/02";"1,056772";"40383538,162574";"";"367091,64";"0,91%";"4,24%";"";"";"";"";""
"2015/02/27";"1,05485";"39943666,768456";"";"20299,8";"0,05%";"3,34%";"";"";"";"";""
"2015/02/26";"1,054594";"39913678,022661";"";"55641,76";"0,14%";"3,56%";"";"";"";"";""
"2015/02/25";"1,057785";"39978639,065216";"";"228389,21";"0,57%";"4,11%";"";"";"";"";""
"2015/02/24";"1,059565";"39817140,053194";"";"113709,08";"0,29%";"4,49%";"";"";"";"";""
"2015/02/23";"1,055337";"39545001,70305";"";"12402,38";"0,03%";"4,28%";"";"";"";"";""
"2015/02/20";"1,053003";"39445168,401658";"";"19958,22";"0,05%";"4,86%";"";"";"";"";""
"2015/02/19";"1,053356";"39438426,760085";"";"217282,09";"0,55%";"4,7%";"";"";"";"";""
"2015/02/18";"1,054129";"39249926,909924";"";"48653,95";"0,12%";"4,54%";"";"";"";"";""
"2015/02/17";"1,052846";"39153560,365208";"";"160436,62";"0,41%";"4,58%";"";"";"";"";""
"2015/02/16";"1,052569";"38982864,792385";"";"538529,31";"1,38%";"4,4%";"";"";"";"";""
"2015/02/13";"1,050562";"38371031,235502";"";"406730,26";"1,06%";"4,33%";"";"";"";"";""
"2015/02/12";"1,051649";"38003582,043958";"";"66630,24";"0,18%";"4,09%";"";"";"";"";""
"2015/02/11";"1,046633";"37756005,736857";"";"75014,03";"0,2%";"3,42%";"";"";"";"";""
"2015/02/10";"1,049209";"37773733,12685";"";"144215,45";"0,38%";"3,57%";"";"";"";"";""
"2015/02/09";"1,044467";"37459447,485104";"";"759237,98";"2,03%";"3,24%";"";"";"";"";""
"2015/02/06";"1,044523";"36702177,21581";"";"117884,85";"0,32%";"3,22%";"";"";"";"";""
"2015/02/05";"1,050526";"36794546,71626";"";"3108478,13";"8,45%";"3,91%";"";"";"";"";""
"2015/02/04";"1,050488";"33684850,084878";"";"277681,92";"0,82%";"4,17%";"";"";"";"";""
"2015/02/03";"1,054348";"33529922,230016";"";"13472,97";"0,04%";"4,31%";"";"";"";"";""
"2015/02/02";"1,05429";"33514605,511912";"";"75780,43";"0,23%";"4,44%";"";"";"";"";""
"2015/01/30";"1,051408";"33347416,939485";"";"402434,28";"1,21%";"4,57%";"";"";"";"";""
"2015/01/29";"1,052897";"32991639,216991";"";"611236,86";"1,85%";"5,33%";"";"";"";"";""
"2015/01/28";"1,053316";"32393288,126995";"";"19755728,52";"60,99%";"5,33%";"";"";"";"";""
"2015/01/27";"1,059802";"12715377,864347";"";"30935,97";"0,24%";"5,98%";"";"";"";"";""
"2015/01/26";"1,06159";"12705841,909265";"";"13291,4";"0,1%";"";"";"";"";"";""
"2015/01/23";"1,060761";"12682638,847032";"";"-82220,43";"-0,65%";"";"";"";"";"";""
"2015/01/22";"1,0539";"12682296,190945";"";"63732,91";"0,5%";"";"";"";"";"";""
"2015/01/21";"1,048313";"12551668,96994";"";"59891,44";"0,48%";"";"";"";"";"";""
"2015/01/20";"1,047094";"12477251,828497";"";"51374,2";"0,41%";"";"";"";"";"";""
"2015/01/19";"1,043977";"12388888,147266";"";"5128,8";"0,04%";"";"";"";"";"";""
"2015/01/16";"1,048446";"12436771,066709";"";"22753,53";"0,18%";"";"";"";"";"";""
"2015/01/15";"1,04403";"12361730,342646";"";"26851,01";"0,22%";"";"";"";"";"";""
"2015/01/14";"1,037335";"12255780,057735";"";"17267,37";"0,14%";"";"";"";"";"";""
"2015/01/13";"1,037513";"12240612,734208";"";"85360,62";"0,7%";"";"";"";"";"";""
"2015/01/12";"1,032392";"12095255,717413";"";"12035,88";"0,1%";"";"";"";"";"";""
"2015/01/09";"1,033401";"12095029,270549";"";"221304,72";"1,83%";"";"";"";"";"";""
"2015/01/08";"1,038951";"11937493,769858";"";"8,03";"0%";"";"";"";"";"";""
"2015/01/07";"1,029342";"11827078,895252";"";"-4,05";"-0%";"";"";"";"";"";""
"2015/01/06";"1,021854";"11741046,233655";"";"5,33";"0%";"";"";"";"";"";""
"2015/01/05";"1,02465";"11773166,776887";"";"-8,21";"-0%";"";"";"";"";"";""
"2014/12/31";"1,02419";"11767889,610044";"";"28486,21";"0,24%";"";"";"";"";"";""
"2014/12/30";"1,024615";"11744274,804383";"";"5228,9";"0,04%";"";"";"";"";"";""
"2014/12/29";"1,025467";"11748807,294484";"";"177960,7";"1,51%";"";"";"";"";"";""
"2014/12/23";"1,020968";"11520082,170429";"";"83192,32";"0,72%";"";"";"";"";"";""
"2014/12/22";"1,025003";"11482089,943247";"";"281611,61";"2,45%";"";"";"";"";"";""
"2014/12/19";"1,018351";"11127790,177084";"";"11837,82";"0,11%";"";"";"";"";"";""
"2014/12/18";"1,01565";"11086469,217034";"";"92712,94";"0,84%";"";"";"";"";"";""
"2014/12/17";"1,000274";"10827320,990885";"";"59905,26";"0,55%";"";"";"";"";"";""
"2014/12/16";"0,995749";"10718706,52324";"";"137584,18";"1,28%";"";"";"";"";"";""
"2014/12/15";"0,995765";"10581292,365846";"";"41429,88";"0,39%";"";"";"";"";"";""
"2014/12/12";"1,004562";"10632975,992482";"";"68689,01";"0,65%";"";"";"";"";"";""
"2014/12/10";"1,010351";"10625165,909364";"";"132031,59";"1,24%";"";"";"";"";"";""
"2014/12/09";"1,013671";"10527614,622031";"";"4849,18";"0,05%";"";"";"";"";"";""
"2014/12/08";"1,022666";"10616141,179408";"";"5,19";"0%";"";"";"";"";"";""
"2014/12/05";"1,024282";"10632911,43789";"";"124225,9";"1,17%";"";"";"";"";"";""
"2014/12/04";"1,022886";"10494363,191301";"";"18563,2";"0,18%";"";"";"";"";"";""
"2014/12/03";"1,023401";"10481074,323963";"";"6,66";"0%";"";"";"";"";"";""
"2014/12/01";"1,013793";"10382668,212014";"";"25712,95";"0,25%";"";"";"";"";"";""
"2014/11/28";"1,019974";"10420100,638765";"";"-3,37";"-0%";"";"";"";"";"";""
"2014/11/27";"1,020792";"10428460,735764";"";"16594,16";"0,16%";"";"";"";"";"";""
"2014/11/26";"1,01833";"10386754,689192";"";"23615,68";"0,23%";"";"";"";"";"";""
"2014/11/25";"1,015981";"10339234,167135";"";"-5,8";"-0%";"";"";"";"";"";""
"2014/11/24";"1,014063";"10319721,235988";"";"4934,95";"0,05%";"";"";"";"";"";""
"2014/11/21";"1,012016";"10293964,734816";"";"4270,25";"0,04%";"";"";"";"";"";""
"2014/11/20";"1,004175";"10209970,94708";"";"22817,1";"0,22%";"";"";"";"";"";""
"2014/11/19";"1,00608";"10206479,694455";"";"32487,88";"0,32%";"";"";"";"";"";""
"2014/11/18";"1,008326";"10196704,505725";"";"12856,85";"0,13%";"";"";"";"";"";""
"2014/11/17";"1,006696";"10167385,047546";"";"16153,23";"0,16%";"";"";"";"";"";""
"2014/11/14";"1,008246";"10166861,572909";"";"84406,07";"0,83%";"";"";"";"";"";""
"2014/11/13";"1,006935";"10069345,507415";"";"-6,73";"-0%";"";"";"";"";"";""
"2014/11/12";"1,010332";"10103322,241673";"";"7,23";"0%";"";"";"";"";"";""
"2014/11/11";"1,012006";"10120055,000491";"";"-5,33";"-0%";"";"";"";"";"";""
"2014/11/10";"1,013079";"10130790,328757";"";"-4,13";"-0%";"";"";"";"";"";""
"2014/11/07";"1,011699";"10116994,453976";"";"1,44";"0%";"";"";"";"";"";""
"2014/11/06";"1,011947";"10119473,016575";"";"5,76";"0%";"";"";"";"";"";""
"2014/11/05";"1,010961";"10109607,25884";"";"-6,15";"-0%";"";"";"";"";"";""
"2014/11/04";"1,008416";"10084163,404212";"";"-0,05";"-0%";"";"";"";"";"";""
"2014/11/03";"1,010788";"10107883,458006";"";"7,58";"0%";"";"";"";"";"";""
"2014/10/31";"1,009513";"10095125,883519";"";"-8,47";"-0%";"";"";"";"";"";""
"2014/10/30";"1,005499";"10054994,331768";"";"2,69";"0%";"";"";"";"";"";""
"2014/10/29";"0,999602";"9996021,627601";"";"-2,94";"-0%";"";"";"";"";"";""
"2014/10/28";"1,000023";"10000234,566161";"";"4,57";"0%";"";"";"";"";"";""
"2014/10/27";"1";"10000000";"";"10000000";"100%";"";"";"";"";"";""
