"Letöltés idõpontja";"2017.06.08. 23:46"
"Alap neve:";"Superposition Származtatott Befektetési Alap"
"Befektetési sorozat megjelölése:";""
"Befektetési jegy devizaneme:";"HUF"
"Kategória:";"Abszolút hozamú"
"Földrajzi kitettség:";"Globális"
"Devizális kitettség:";""
"Egyéb jellemzõ kitettség:";""
"Hozam/kockázat mutató:";"0"
"Bef. politika rövid leírása:";""
"Alap típusa:";"Nyilvános nyíltvégû"
"Alap fajtája:";"Származtatott ügyletekbe fektetõ alap"
"Alap indulási dátuma:";"2014/01/21"
"Alapkezelõ:";"Concorde Alapkezelõ Zrt."
"Letétkezelõ:";"UniCredit Bank Hungary Zrt."
"1 éves szórás:";"1,7%"
"5 éves szórás:";""
"Dátum";"Árfolyam";"NEÉ";"Kifizetett hozam";"Napi befjegy. forgalom";"Napi befjegy. forgalom változás(%)";"3 hónapos hozam";"6 hónapos hozam";"1 éves hozam";"3 éves hozam";"5 éves hozam";"10 éves hozam"
"2017/06/07";"1,212989";"5814183478";"0";"-2866435,41";"-0,05%";"0,14%";"1,46%";"3,31%";"5,93%";"";""
"2017/06/06";"1,213366";"5818857867";"0";"50868,95";"0%";"0,12%";"1,5%";"3,36%";"5,94%";"";""
"2017/06/02";"1,213085";"5817459437";"0";"6490953,77";"0,11%";"0,04%";"1,7%";"3,62%";"5,88%";"";""
"2017/06/01";"1,213388";"5812419926";"0";"-775332,98";"-0,01%";"0,12%";"1,64%";"3,63%";"5,92%";"";""
"2017/05/31";"1,214207";"5817118989";"0";"10859369,33";"0,19%";"0,23%";"1,52%";"3,72%";"5,94%";"";""
"2017/05/30";"1,213426";"5802524928";"0";"-547247,75";"-0,01%";"0,16%";"1,46%";"3,75%";"5,92%";"";""
"2017/05/29";"1,213318";"5802555678";"0";"-1718701,23";"-0,03%";"0,15%";"1,51%";"3,68%";"5,92%";"";""
"2017/05/26";"1,213827";"5806709335";"0";"-60306380,12";"-1,03%";"0,26%";"1,58%";"3,71%";"5,9%";"";""
"2017/05/25";"1,2138";"5866885211";"0";"-7960420,32";"-0,14%";"0,26%";"1,58%";"3,82%";"5,87%";"";""
"2017/05/24";"1,214766";"5879521114";"0";"-18176957,95";"-0,31%";"0,34%";"1,68%";"3,85%";"5,9%";"";""
"2017/05/23";"1,215437";"5900955782";"0";"-4997349,76";"-0,08%";"0,36%";"1,8%";"3,77%";"5,92%";"";""
"2017/05/22";"1,215439";"5905962850";"0";"-1050823,09";"-0,02%";"0,31%";"1,66%";"3,79%";"5,87%";"";""
"2017/05/19";"1,215016";"5904957900";"0";"-4844942,66";"-0,08%";"0,31%";"1,71%";"3,71%";"5,8%";"";""
"2017/05/18";"1,215143";"5910420567";"0";"-1307,36";"-0%";"0,32%";"1,72%";"3,63%";"5,88%";"";""
"2017/05/17";"1,214759";"5908554109";"0";"2625,87";"0%";"0,29%";"1,65%";"3,43%";"5,87%";"";""
"2017/05/16";"1,214161";"5905642829";"0";"-724724";"-0,01%";"0,24%";"1,61%";"3,42%";"5,86%";"";""
"2017/05/15";"1,21387";"5904951964";"0";"-3206717,52";"-0,05%";"0,21%";"1,54%";"3,4%";"5,84%";"";""
"2017/05/12";"1,213628";"5906980817";"0";"334076,71";"0,01%";"0,17%";"1,41%";"3,42%";"5,89%";"";""
"2017/05/11";"1,213903";"5907985147";"0";"3794,6";"0%";"0,19%";"1,44%";"3,54%";"5,86%";"";""
"2017/05/10";"1,213234";"5904725376";"0";"8384494,61";"0,14%";"0,13%";"1,16%";"3,66%";"5,84%";"";""
"2017/05/09";"1,212906";"5894746795";"0";"665,75";"0%";"0,12%";"1,05%";"3,42%";"5,83%";"";""
"2017/05/08";"1,212048";"5890576233";"0";"-3441614,3";"-0,06%";"0,05%";"1,14%";"3,17%";"5,8%";"";""
"2017/05/05";"1,211598";"5891829561";"0";"39233573,34";"0,67%";"-0,14%";"1,1%";"3,15%";"5,77%";"";""
"2017/05/04";"1,211196";"5850654136";"0";"-1395121,79";"-0,02%";"-0,18%";"1,07%";"3,18%";"5,85%";"";""
"2017/05/03";"1,209044";"5841651593";"0";"17712282,63";"0,3%";"-0,35%";"1,01%";"3,01%";"5,79%";"";""
"2017/05/02";"1,208307";"5820389197";"0";"450113,21";"0,01%";"-0,46%";"1,09%";"2,97%";"5,77%";"";""
"2017/04/28";"1,209137";"5823936867";"0";"4531733,74";"0,08%";"-0,35%";"1,23%";"3,15%";"5,75%";"";""
"2017/04/27";"1,208115";"5814486392";"0";"-1423,57";"-0%";"-0,44%";"1,29%";"3,26%";"5,71%";"";""
"2017/04/26";"1,209778";"5822491601";"0";"6035752,58";"0,1%";"-0,36%";"1,49%";"3,43%";"5,76%";"";""
"2017/04/25";"1,209843";"5816768360";"0";"12941124,38";"0,22%";"-0,34%";"1,72%";"3,48%";"5,76%";"";""
"2017/04/24";"1,210081";"5804968963";"0";"1960200,28";"0,03%";"-0,19%";"1,75%";"3,49%";"5,73%";"";""
"2017/04/21";"1,206715";"5786866928";"0";"10043786,92";"0,17%";"-0,61%";"1,57%";"3,28%";"5,96%";"";""
"2017/04/20";"1,206693";"5776717822";"0";"-926107,63";"-0,02%";"-0,61%";"1,48%";"3,27%";"5,96%";"";""
"2017/04/19";"1,207048";"5779343669";"0";"2000742,05";"0,03%";"-0,53%";"1,51%";"3,36%";"5,97%";"";""
"2017/04/18";"1,205918";"5771934362";"0";"6213074,91";"0,11%";"-0,57%";"1,49%";"3,22%";"5,94%";"";""
"2017/04/13";"1,206883";"5770335134";"0";"-22127797,1";"-0,38%";"-0,5%";"1,92%";"3,21%";"5,93%";"";""
"2017/04/12";"1,207116";"5793581220";"0";"1099941,74";"0,02%";"-0,38%";"1,74%";"3%";"5,94%";"";""
"2017/04/11";"1,206743";"5790691396";"0";"39078995,87";"0,68%";"-0,44%";"1,57%";"2,83%";"5,92%";"";""
"2017/04/10";"1,207685";"5756102187";"0";"-5632056,81";"-0,1%";"-0,47%";"1,82%";"3,05%";"5,98%";"";""
"2017/04/07";"1,208163";"5764014730";"0";"-563845,32";"-0,01%";"-0,55%";"1,96%";"3,01%";"6,03%";"";""
"2017/04/06";"1,208804";"5767637016";"0";"456366,4";"0,01%";"-0,5%";"2,12%";"3,26%";"6,08%";"";""
"2017/04/05";"1,208367";"5765095731";"0";"477,33";"0%";"-0,44%";"2,1%";"3,37%";"6,07%";"";""
"2017/04/04";"1,208605";"5766230747";"0";"-2095456,36";"-0,04%";"-0,49%";"2,34%";"3,65%";"6,07%";"";""
"2017/04/03";"1,209201";"5771170741";"0";"-30823874,19";"-0,53%";"-0,84%";"2,45%";"3,75%";"6,08%";"";""
"2017/03/31";"1,2111";"5811106407";"0";"2003962,27";"0,03%";"0,07%";"2,82%";"3,94%";"6,13%";"";""
"2017/03/30";"1,209406";"5800977088";"0";"-1936,67";"-0%";"-0,07%";"2,68%";"3,81%";"6,08%";"";""
"2017/03/29";"1,209738";"5802571480";"0";"-18683743,12";"-0,32%";"-0%";"2,58%";"3,79%";"6,09%";"";""
"2017/03/28";"1,211273";"5828641638";"0";"63311025,12";"1,1%";"0,19%";"2,79%";"3,87%";"6,14%";"";""
"2017/03/27";"1,211221";"5765083107";"0";"-37784,22";"-0%";"0,18%";"2,62%";"3,86%";"6,1%";"";""
"2017/03/24";"1,211534";"5766610696";"0";"-242,58";"-0%";"0,18%";"2,34%";"3,89%";"6,25%";"";""
"2017/03/23";"1,212082";"5769219287";"0";"-415381,27";"-0,01%";"0,22%";"2,39%";"4,1%";"6,3%";"";""
"2017/03/22";"1,211631";"5767487862";"0";"89835,95";"0%";"0,22%";"2,58%";"3,89%";"6,29%";"";""
"2017/03/21";"1,21293";"5773581303";"0";"-873887,17";"-0,02%";"0,55%";"2,61%";"3,96%";"6,33%";"";""
"2017/03/20";"1,211927";"5769680159";"0";"30165134,42";"0,53%";"0,6%";"2,56%";"3,79%";"6,33%";"";""
"2017/03/17";"1,211648";"5738193720";"0";"197849,95";"0%";"0,72%";"2,59%";"3,71%";"6,32%";"";""
"2017/03/16";"1,211507";"5737328137";"0";"13159602,91";"0,23%";"0,71%";"2,58%";"3,8%";"6,3%";"";""
"2017/03/14";"1,210704";"5720374493";"0";"983161,04";"0,02%";"1,08%";"2,22%";"3,74%";"6,27%";"";""
"2017/03/13";"1,211367";"5722523358";"0";"-630530,53";"-0,01%";"1,06%";"2,13%";"3,79%";"6,25%";"";""
"2017/03/10";"1,212206";"5727117779";"0";"13403277,77";"0,23%";"1,29%";"2,2%";"3,64%";"6,34%";"";""
"2017/03/09";"1,212057";"5713012192";"0";"2303532,93";"0,04%";"1,28%";"2,18%";"3,67%";"6,29%";"";""
"2017/03/08";"1,211884";"5709893555";"0";"-175732,95";"-0%";"1,31%";"2,48%";"3,51%";"6,29%";"";""
"2017/03/07";"1,211267";"5707162151";"0";"12338489,57";"0,22%";"1,32%";"2,66%";"3,3%";"6,27%";"";""
"2017/03/06";"1,211876";"5697686901";"0";"251838,82";"0%";"1,38%";"2,75%";"3,46%";"6,39%";"";""
"2017/03/03";"1,211768";"5696927318";"0";"-1424,05";"-0%";"1,59%";"2,72%";"3,38%";"6,22%";"";""
"2017/03/02";"1,212571";"5700703915";"0";"5730095,26";"0,1%";"1,66%";"2,79%";"3,5%";"6,34%";"";""
"2017/03/01";"1,211954";"5692076011";"0";"7695040,95";"0,14%";"1,52%";"2,77%";"3,47%";"6,32%";"";""
"2017/02/28";"1,211464";"5682082742";"0";"64209,13";"0%";"1,42%";"2,57%";"3,35%";"6,3%";"";""
"2017/02/27";"1,211167";"5680625541";"0";"1781,13";"0%";"1,36%";"2,54%";"3,33%";"6,27%";"";""
"2017/02/24";"1,21066";"5678245825";"0";"4457091,69";"0,08%";"1,33%";"2,56%";"3,01%";"6,22%";"";""
"2017/02/23";"1,211023";"5675489942";"0";"1170899,3";"0,02%";"1,43%";"2,6%";"3,24%";"6,25%";"";""
"2017/02/22";"1,211627";"5677149120";"0";"-3008172,69";"-0,05%";"1,34%";"2,68%";"3,54%";"6,27%";"";""
"2017/02/21";"1,211586";"5679965083";"0";"16717795,66";"0,3%";"1,39%";"2,68%";"3,46%";"6,26%";"";""
"2017/02/20";"1,211033";"5660662431";"0";"4845084,45";"0,09%";"1,37%";"2,63%";"3,41%";"6,31%";"";""
"2017/02/17";"1,211262";"5656886832";"0";"2380769,45";"0,04%";"1,35%";"2,68%";"3,45%";"6,38%";"";""
"2017/02/16";"1,21126";"5654496726";"0";"9426845,77";"0,17%";"1,37%";"2,69%";"3,29%";"6,42%";"";""
"2017/02/15";"1,211298";"5645246979";"0";"1549497,06";"0,03%";"1,32%";"2,7%";"3,32%";"6,42%";"";""
"2017/02/14";"1,211587";"5645043995";"0";"17316253,44";"0,31%";"1,22%";"2,69%";"3,2%";"6,43%";"";""
"2017/02/13";"1,211762";"5628540603";"0";"-16576363,33";"-0,29%";"1,26%";"2,7%";"3,22%";"6,44%";"";""
"2017/02/10";"1,211602";"5644371590";"0";"3520102,68";"0,06%";"1,02%";"2,74%";"3,26%";"6,49%";"";""
"2017/02/09";"1,211425";"5640027429";"0";"713005,35";"0,01%";"0,93%";"2,75%";"3,17%";"6,54%";"";""
"2017/02/08";"1,211419";"5639286493";"0";"1529542,1";"0,03%";"1,09%";"2,83%";"3,25%";"6,54%";"";""
"2017/02/07";"1,212435";"5642485258";"0";"10515037,27";"0,19%";"1,18%";"2,88%";"3,64%";"6,57%";"";""
"2017/02/06";"1,212211";"5630929702";"0";"575945,85";"0,01%";"1,16%";"2,86%";"3,62%";"6,58%";"";""
"2017/02/03";"1,21332";"5635504726";"0";"497707,16";"0,01%";"1,36%";"3,03%";"3,76%";"6,59%";"";""
"2017/02/02";"1,213863";"5637528867";"0";"36629788,68";"0,65%";"1,55%";"3,03%";"3,77%";"6,61%";"";""
"2017/02/01";"1,213896";"5601051344";"0";"11731921,24";"0,21%";"1,63%";"2,98%";"3,68%";"6,61%";"";""
"2017/01/31";"1,212766";"5584116398";"0";"3314762,97";"0,06%";"1,53%";"2,84%";"3,45%";"6,58%";"";""
"2017/01/30";"1,212972";"5581749588";"0";"5387830,85";"0,1%";"1,55%";"2,86%";"3,47%";"6,47%";"";""
"2017/01/27";"1,213439";"5578508683";"0";"7483530,66";"0,13%";"1,74%";"2,92%";"3,36%";"6,72%";"";""
"2017/01/26";"1,214154";"5574307792";"0";"3106566,93";"0,06%";"1,85%";"2,92%";"3,64%";"6,69%";"";""
"2017/01/25";"1,213934";"5570191745";"0";"26605505,56";"0,48%";"2,06%";"2,93%";"3,62%";"6,69%";"";""
"2017/01/24";"1,212396";"5536562764";"0";"20771359,76";"0,38%";"1,94%";"2,8%";"3,57%";"6,64%";"";""
"2017/01/23";"1,212321";"5515450192";"0";"3850888,98";"0,07%";"2,04%";"2,8%";"3,56%";"6,6%";"";""
"2017/01/20";"1,214158";"5519950893";"0";"-836145";"-0,02%";"2,1%";"2,99%";"3,99%";"";"";""
"2017/01/19";"1,213472";"5517667790";"0";"-5712944,69";"-0,1%";"2,05%";"2,9%";"3,93%";"";"";""
"2017/01/18";"1,212825";"5520435774";"0";"4645933,34";"0,08%";"2,07%";"2,86%";"3,97%";"";"";""
"2017/01/17";"1,211629";"5510350569";"0";"37294086,74";"0,68%";"1,97%";"2,67%";"3,78%";"";"";""
"2017/01/16";"1,212571";"5477311596";"0";"2644012,17";"0,05%";"2,09%";"2,75%";"3,86%";"";"";""
"2017/01/13";"1,212944";"5476351651";"0";"-4864849,5";"-0,09%";"2,43%";"2,76%";"4,2%";"";"";""
"2017/01/12";"1,21173";"5475730512";"0";"420119,7";"0,01%";"2,13%";"2,53%";"4,32%";"";"";""
"2017/01/11";"1,212062";"5476810564";"0";"6669253,51";"0,12%";"2,01%";"2,6%";"4,24%";"";"";""
"2017/01/10";"1,213366";"5476026376";"0";"-16904750,77";"-0,31%";"2,3%";"2,75%";"4,16%";"";"";""
"2017/01/09";"1,213639";"5494167003";"0";"4301470,13";"0,08%";"2,42%";"2,77%";"4,19%";"";"";""
"2017/01/06";"1,214848";"5495334414";"0";"112317374,08";"2,09%";"2,63%";"2,79%";"4,74%";"";"";""
"2017/01/05";"1,213663";"5377766280";"0";"1278,58";"0%";"2,54%";"2,72%";"4,98%";"";"";""
"2017/01/04";"1,214543";"5381664299";"0";"4319094211,32";"404,83%";"2,84%";"2,8%";"5,05%";"";"";""
"2017/01/03";"1,219468";"1066878834";"0";"-258,93";"-0%";"3,32%";"3,14%";"5,7%";"";"";""
"2017/01/02";"1,213237";"1061427762";"0";"566,73";"0%";"3%";"2,61%";"5,16%";"";"";""
"2016/12/30";"1,210276";"1058836699";"0";"-15,29";"-0%";"2,75%";"2,55%";"5,08%";"";"";""
"2016/12/29";"1,20977";"1058394029";"0";"4565472,09";"0,43%";"2,58%";"2,49%";"5,11%";"";"";""
"2016/12/28";"1,208967";"1053129065";"0";"-2061645,79";"-0,2%";"2,59%";"2,35%";"4,96%";"";"";""
"2016/12/27";"1,209083";"1055291956";"0";"-38,33";"-0%";"2,44%";"2,14%";"5,1%";"";"";""
"2016/12/23";"1,20938";"1055551217";"0";"-259,43";"-0%";"2,16%";"2,85%";"5,12%";"";"";""
"2016/12/22";"1,209005";"1055224175";"0";"152,2";"0%";"2,36%";"2,66%";"4,98%";"";"";""
"2016/12/21";"1,206294";"1052857852";"0";"-421,99";"-0%";"2,05%";"2,36%";"4,74%";"";"";""
"2016/12/20";"1,204661";"1051432985";"0";"84,2";"0%";"1,95%";"1,9%";"4,5%";"";"";""
"2016/12/19";"1,201839";"1048969848";"0";"207,99";"0%";"1,52%";"1,73%";"4,26%";"";"";""
"2016/12/16";"1,202996";"1049979474";"0";"352,56";"0%";"1,86%";"1,82%";"4,6%";"";"";""
"2016/12/15";"1,199044";"1046529802";"0";"-34,02";"-0%";"1,38%";"1,54%";"3,79%";"";"";""
"2016/12/14";"1,197792";"1045437086";"0";"-682,22";"-0%";"1,13%";"1,5%";"3,66%";"";"";""
"2016/12/13";"1,198666";"1046200599";"0";"365,51";"0%";"1,06%";"1,71%";"3,55%";"";"";""
"2016/12/12";"1,198327";"1045904353";"0";"-132,15";"-0%";"1,18%";"1,77%";"3,52%";"";"";""
"2016/12/09";"1,196752";"1044529819";"0";"1278548,8";"0,12%";"0,89%";"1,8%";"4,09%";"";"";""
"2016/12/08";"1,196212";"1042780533";"0";"718492,47";"0,07%";"1,16%";"1,76%";"4,13%";"";"";""
"2016/12/07";"1,195541";"1041477509";"0";"129,36";"0%";"1,33%";"1,83%";"4,21%";"";"";""
"2016/12/06";"1,195425";"1041376328";"0";"-709565,82";"-0,07%";"1,35%";"1,83%";"4,21%";"";"";""
"2016/12/05";"1,194191";"1041010181";"0";"9551530,6";"0,93%";"1,17%";"1,82%";"4,1%";"";"";""
"2016/12/02";"1,19277";"1030231290";"0";"591,95";"0%";"1,11%";"1,88%";"4,24%";"";"";""
"2016/12/01";"1,193787";"1031109111";"0";"17430484,36";"1,72%";"1,23%";"1,96%";"4,45%";"";"";""
"2016/11/30";"1,195999";"1015556899";"0";"2508506,98";"0,25%";"1,31%";"2,26%";"4,5%";"";"";""
"2016/11/29";"1,195324";"1012476646";"0";"-16,7";"-0%";"1,25%";"2,14%";"4,46%";"";"";""
"2016/11/28";"1,194467";"1011750757";"0";"-1254671,57";"-0,12%";"1,13%";"2,07%";"4,39%";"";"";""
"2016/11/25";"1,194926";"1013394698";"0";"-1995516,04";"-0,2%";"1,25%";"2,21%";"4,57%";"";"";""
"2016/11/24";"1,194741";"1015233010";"0";"-3575289,35";"-0,35%";"1,21%";"2,14%";"4,47%";"";"";""
"2016/11/23";"1,194";"1018176416";"0";"11942057,22";"1,19%";"1,16%";"1,94%";"4,44%";"";"";""
"2016/11/22";"1,195637";"1007613928";"0";"549,07";"0%";"1,33%";"2,1%";"4,57%";"";"";""
"2016/11/21";"1,19492";"1007009133";"0";"3686179,21";"0,37%";"1,27%";"2,04%";"4,51%";"";"";""
"2016/11/18";"1,194622";"1003072736";"0";"-424,27";"-0%";"1,23%";"1,88%";"4,43%";"";"";""
"2016/11/17";"1,195081";"1003458563";"0";"-1728472,15";"-0,17%";"1,31%";"1,76%";"4,26%";"";"";""
"2016/11/16";"1,194906";"1005039842";"0";"-49,05";"-0%";"1,31%";"1,78%";"4,13%";"";"";""
"2016/11/15";"1,195484";"1005526049";"0";"350723,69";"0,03%";"1,36%";"1,83%";"4,13%";"";"";""
"2016/11/14";"1,196941";"1006400386";"0";"-660,75";"-0%";"1,45%";"1,95%";"4,26%";"";"";""
"2016/11/11";"1,196707";"1006204297";"0";"1678605,11";"0,17%";"1,48%";"2,07%";"4,68%";"";"";""
"2016/11/10";"1,199348";"1006742569";"0";"-2240369,35";"-0,22%";"1,7%";"2,47%";"4,81%";"";"";""
"2016/11/09";"1,200317";"1009798135";"0";"-410,36";"-0%";"1,8%";"2,34%";"4,8%";"";"";""
"2016/11/08";"1,198392";"1008179088";"0";"10,24";"0%";"1,73%";"2%";"4,92%";"";"";""
"2016/11/07";"1,198335";"1008131125";"0";"-1646742,48";"-0,16%";"1,68%";"2%";"4,91%";"";"";""
"2016/11/04";"1,198365";"1009803147";"0";"-1245424,13";"-0,12%";"1,67%";"2,09%";"4,92%";"";"";""
"2016/11/03";"1,196988";"1009886810";"0";"-4872961,17";"-0,48%";"1,65%";"1,99%";"4,78%";"";"";""
"2016/11/02";"1,195294";"1013323664";"0";"-718016,53";"-0,07%";"1,46%";"1,86%";"4,59%";"";"";""
"2016/10/28";"1,194477";"1013348569";"0";"278,6";"0%";"1,27%";"1,9%";"4,37%";"";"";""
"2016/10/27";"1,192711";"1011850084";"0";"1553940,13";"0,15%";"1,16%";"1,95%";"4,25%";"";"";""
"2016/10/26";"1,192065";"1009748944";"0";"-2075397,43";"-0,21%";"1,05%";"1,92%";"4,14%";"";"";""
"2016/10/25";"1,189392";"1009555500";"0";"279,06";"0%";"0,85%";"1,74%";"3,8%";"";"";""
"2016/10/24";"1,189287";"1009466097";"0";"391,74";"0%";"0,84%";"1,71%";"3,79%";"";"";""
"2016/10/21";"1,188054";"1008419136";"0";"-161,25";"-0%";"0,75%";"1,69%";"3,4%";"";"";""
"2016/10/20";"1,189136";"1009337698";"0";"-111,79";"-0%";"0,87%";"1,77%";"3,58%";"";"";""
"2016/10/19";"1,189115";"1009319985";"0";"214,79";"0%";"0,83%";"1,83%";"3,55%";"";"";""
"2016/10/18";"1,188215";"1008555851";"0";"1000373,42";"0,1%";"0,77%";"1,71%";"3,58%";"";"";""
"2016/10/17";"1,188252";"1007586852";"0";"-493,25";"-0%";"0,69%";"1,72%";"3,58%";"";"";""
"2016/10/14";"1,187715";"1007131992";"0";"-785345,77";"-0,08%";"0,61%";"1,7%";"3,31%";"";"";""
"2016/10/13";"1,184141";"1004884374";"0";"-205,29";"-0%";"0,32%";"1,26%";"2,98%";"";"";""
"2016/10/12";"1,186512";"1006896655";"0";"704,13";"0%";"0,39%";"1,24%";"3,22%";"";"";""
"2016/10/11";"1,188147";"1008283442";"0";"-651,71";"-0%";"0,57%";"1,24%";"3,36%";"";"";""
"2016/10/10";"1,186065";"1006517269";"0";"617,21";"0%";"0,43%";"1,2%";"3,18%";"";"";""
"2016/10/07";"1,184982";"1005597598";"0";"-3829579,94";"-0,38%";"0,33%";"1,03%";"2,87%";"";"";""
"2016/10/06";"1,183673";"1008312106";"0";"1292698,37";"0,13%";"0,15%";"1,11%";"2,75%";"";"";""
"2016/10/05";"1,183564";"1006926675";"0";"992463,52";"0,1%";"0,18%";"1,25%";"2,69%";"";"";""
"2016/10/04";"1,181021";"1003772866";"0";"2086441,09";"0,21%";"-0,04%";"1,28%";"2,52%";"";"";""
"2016/10/03";"1,180335";"1001104592";"0";"550424,16";"0,06%";"-0,17%";"1,28%";"2,46%";"";"";""
"2016/09/30";"1,177852";"998449362";"0";"370,36";"0%";"-0,2%";"1,11%";"2,29%";"";"";""
"2016/09/29";"1,179365";"999731541";"0";"3963835,7";"0,4%";"-0,09%";"1,18%";"2,2%";"";"";""
"2016/09/28";"1,178448";"994993459";"0";"-1517081,29";"-0,15%";"-0,23%";"1,05%";"2,32%";"";"";""
"2016/09/27";"1,180274";"998054629";"0";"1088489,17";"0,11%";"-0,29%";"1,21%";"2,68%";"";"";""
"2016/09/26";"1,182386";"998750126";"0";"1000846,98";"0,1%";"0,11%";"1,39%";"2,86%";"";"";""
"2016/09/23";"1,183796";"998939099";"0";"-319,07";"-0%";"0,68%";"1,67%";"3,05%";"";"";""
"2016/09/22";"1,181158";"996713357";"0";"3069191,71";"0,31%";"0,3%";"1,28%";"2,79%";"";"";""
"2016/09/21";"1,182052";"994396239";"0";"218,91";"0%";"0,3%";"1,31%";"2,96%";"";"";""
"2016/09/20";"1,181677";"994080553";"0";"2501239,67";"0,25%";"-0,04%";"1,2%";"2,86%";"";"";""
"2016/09/19";"1,183808";"993367497";"0";"-233,45";"-0%";"0,21%";"1,38%";"3,05%";"";"";""
"2016/09/16";"1,181039";"991044182";"0";"367,43";"0%";"-0,04%";"1,19%";"2,91%";"";"";""
"2016/09/15";"1,182774";"992499703";"0";"-74,6";"-0%";"0,17%";"1,34%";"2,99%";"";"";""
"2016/09/14";"1,184407";"993870075";"0";"-450,65";"-0%";"0,37%";"1,48%";"3,14%";"";"";""
"2016/09/13";"1,186058";"995255928";"0";"990551,16";"0,1%";"0,64%";"1,62%";"3,2%";"";"";""
"2016/09/12";"1,184314";"992803392";"0";"223891,91";"0,02%";"0,58%";"1,47%";"3,05%";"";"";""
"2016/09/09";"1,186151";"994119099";"0";"-49667630,46";"-4,77%";"0,9%";"1,45%";"3,18%";"";"";""
"2016/09/08";"1,182543";"1040611769";"0";"442,1";"0%";"0,6%";"1%";"2,9%";"";"";""
"2016/09/07";"1,179907";"1038291706";"0";"-2981071,32";"-0,29%";"0,5%";"0,63%";"2,51%";"";"";""
"2016/09/06";"1,179464";"1040881828";"0";"2399435,17";"0,23%";"0,47%";"0,69%";"2,52%";"";"";""
"2016/09/05";"1,180401";"1039307393";"0";"-84,38";"-0%";"0,64%";"0,77%";"2,6%";"";"";""
"2016/09/02";"1,179651";"1038647125";"0";"-7323596,04";"-0,7%";"0,76%";"0,69%";"2,73%";"";"";""
"2016/09/01";"1,179269";"1045632010";"0";"1315083,14";"0,13%";"0,72%";"0,68%";"2,6%";"";"";""
"2016/08/31";"1,18001";"1044973129";"0";"2415844,63";"0,23%";"0,8%";"0,68%";"2,68%";"";"";""
"2016/08/30";"1,180562";"1043044985";"0";"455,49";"0%";"0,94%";"0,72%";"2,64%";"";"";""
"2016/08/29";"1,180594";"1043072802";"0";"-3352235,33";"-0,32%";"0,88%";"0,73%";"2,64%";"";"";""
"2016/08/26";"1,181109";"1046881510";"0";"1631539,35";"0,16%";"0,92%";"0,77%";"2,51%";"";"";""
"2016/08/25";"1,180121";"1044375617";"0";"-452,75";"-0%";"0,94%";"0,54%";"2,34%";"";"";""
"2016/08/24";"1,180454";"1044670766";"0";"355,99";"0%";"0,92%";"0,44%";"2,28%";"";"";""
"2016/08/23";"1,180304";"1044537664";"0";"-141,74";"-0%";"0,77%";"0,62%";"3,03%";"";"";""
"2016/08/22";"1,179992";"1044261694";"0";"-338,66";"-0%";"0,76%";"0,84%";"3%";"";"";""
"2016/08/19";"1,179979";"1044250528";"0";"761";"0%";"0,72%";"0,76%";"3%";"";"";""
"2016/08/18";"1,180128";"1044381628";"0";"2313010,9";"0,22%";"0,65%";"0,73%";"3,04%";"";"";""
"2016/08/17";"1,179591";"1041594439";"0";"2155472,85";"0,21%";"0,44%";"0,75%";"2,99%";"";"";""
"2016/08/16";"1,179488";"1039348204";"0";"774246,76";"0,07%";"0,47%";"0,58%";"3,03%";"";"";""
"2016/08/15";"1,179463";"1038551944";"0";"201,96";"0%";"0,47%";"0,6%";"3,03%";"";"";""
"2016/08/12";"1,179854";"1038896029";"0";"-33,49";"-0%";"0,55%";"0,5%";"2,82%";"";"";""
"2016/08/11";"1,179258";"1038371267";"0";"5619002";"0,54%";"0,58%";"0,18%";"2,79%";"";"";""
"2016/08/10";"1,179258";"1032752265";"0";"-19850895,34";"-1,89%";"0,76%";"0,5%";"2,95%";"";"";""
"2016/08/09";"1,179045";"1052413037";"0";"2695102,42";"0,26%";"0,53%";"0,42%";"2,96%";"";"";""
"2016/08/08";"1,17804";"1048823171";"0";"13604202,97";"1,31%";"0,27%";"0,41%";"2,87%";"";"";""
"2016/08/05";"1,178489";"1035613533";"0";"-264,07";"-0%";"0,33%";"0,74%";"3,38%";"";"";""
"2016/08/04";"1,178697";"1035796580";"0";"2000886,08";"0,19%";"0,41%";"0,74%";"3,43%";"";"";""
"2016/08/03";"1,177586";"1032821273";"0";"1982849,45";"0,19%";"0,33%";"0,7%";"3,35%";"";"";""
"2016/08/02";"1,178115";"1031301501";"0";"4895537,07";"0,48%";"0,39%";"0,71%";"3,47%";"";"";""
"2016/08/01";"1,178762";"1026969648";"0";"-269,1";"-0%";"0,4%";"0,68%";"3,52%";"";"";""
"2016/07/29";"1,179223";"1027371553";"0";"503,14";"0%";"0,44%";"0,59%";"3,56%";"";"";""
"2016/07/28";"1,179479";"1027594084";"0";"53";"0%";"0,62%";"0,64%";"3,45%";"";"";""
"2016/07/27";"1,179043";"1027214176";"0";"16584835,04";"1,64%";"0,78%";"0,43%";"3,37%";"";"";""
"2016/07/26";"1,179709";"1011200210";"0";"-800699,87";"-0,08%";"0,86%";"0,7%";"3,33%";"";"";""
"2016/07/25";"1,179403";"1011738411";"0";"-13,69";"-0%";"0,88%";"0,67%";"3,31%";"";"";""
"2016/07/22";"1,179345";"1011688670";"0";"-33,55";"-0%";"0,86%";"0,74%";"3,44%";"";"";""
"2016/07/21";"1,179174";"1011542013";"0";"-505,66";"-0%";"0,93%";"0,97%";"3,46%";"";"";""
"2016/07/20";"1,178897";"1011304897";"0";"90561,5";"0,01%";"0,89%";"0,97%";"3,45%";"";"";""
"2016/07/19";"1,179317";"1011574596";"0";"-212,94";"-0%";"0,99%";"1,01%";"3,62%";"";"";""
"2016/07/18";"1,179152";"1011433278";"0";"499430,89";"0,05%";"0,93%";"1,08%";"3,6%";"";"";""
"2016/07/15";"1,180126";"1011768896";"0";"-112,24";"-0%";"1,02%";"1,08%";"3,84%";"";"";""
"2016/07/14";"1,180552";"1012134235";"0";"-191,6";"-0%";"1,08%";"1,57%";"3,98%";"";"";""
"2016/07/13";"1,180412";"1012014399";"0";"91,32";"0%";"0,94%";"1,41%";"3,92%";"";"";""
"2016/07/12";"1,181881";"1013273740";"0";"301,08";"0%";"0,85%";"1,75%";"4,13%";"";"";""
"2016/07/11";"1,181366";"1012831909";"0";"1590117,69";"0,16%";"0,67%";"1,6%";"4,09%";"";"";""
"2016/07/08";"1,180942";"1010878850";"0";"291,99";"0%";"0,77%";"1,38%";"4,39%";"";"";""
"2016/07/07";"1,181095";"1011009525";"0";"-270,14";"-0%";"0,7%";"1,47%";"4,7%";"";"";""
"2016/07/06";"1,181901";"1011699726";"0";"-8,42";"-0%";"0,96%";"1,9%";"4,51%";"";"";""
"2016/07/05";"1,181495";"1011352201";"0";"29652811,91";"3,02%";"1,07%";"2,2%";"4,32%";"";"";""
"2016/07/04";"1,181467";"981676124";"0";"72537975,98";"7,97%";"1,32%";"2,19%";"4,32%";"";"";""
"2016/07/01";"1,182334";"909805304";"0";"651451,57";"0,07%";"1,45%";"2,48%";"4,42%";"";"";""
"2016/06/30";"1,18021";"907520606";"0";"11750932,39";"1,31%";"1,31%";"2,47%";"4,45%";"";"";""
"2016/06/29";"1,180405";"895917677";"0";"31853317,44";"3,68%";"1,27%";"2,56%";"4,24%";"";"";""
"2016/06/28";"1,181218";"864659481";"0";"4142329,16";"0,48%";"1,29%";"2,56%";"3,97%";"";"";""
"2016/06/27";"1,183723";"862342044";"0";"261,92";"0%";"1,51%";"2,89%";"4,19%";"";"";""
"2016/06/24";"1,181145";"860463710";"0";"5,92";"0%";"1,29%";"2,67%";"4,19%";"";"";""
"2016/06/23";"1,175851";"856607027";"0";"24045681,17";"2,88%";"0,99%";"2,21%";"3,7%";"";"";""
"2016/06/22";"1,177653";"833837252";"0";"14703706,03";"1,79%";"0,98%";"2,26%";"3,9%";"";"";""
"2016/06/21";"1,178507";"819727558";"0";"122,44";"0%";"1,01%";"2,33%";"3,9%";"";"";""
"2016/06/20";"1,18219";"822289199";"0";"3277007,52";"0,4%";"1,24%";"2,55%";"4,23%";"";"";""
"2016/06/17";"1,181364";"818439945";"0";"23362371,92";"2,94%";"1,12%";"2,65%";"4,4%";"";"";""
"2016/06/16";"1,18154";"795196024";"0";"-12832,96";"-0%";"1,24%";"2,73%";"4,45%";"";"";""
"2016/06/15";"1,180813";"794719566";"0";"-9,27";"-0%";"1,17%";"2,21%";"4,32%";"";"";""
"2016/06/14";"1,180075";"794222881";"0";"500647,51";"0,06%";"1,11%";"2,12%";"4,21%";"";"";""
"2016/06/13";"1,178491";"792656830";"0";"373,19";"0%";"0,98%";"1,81%";"4,07%";"";"";""
"2016/06/10";"1,177521";"792004032";"0";"986466,6";"0,12%";"0,67%";"1,92%";"3,78%";"";"";""
"2016/06/09";"1,175547";"789691501";"0";"442,64";"0%";"0,54%";"2,25%";"3,76%";"";"";""
"2016/06/08";"1,175472";"789640676";"0";"-63,34";"-0%";"0,4%";"2,33%";"3,52%";"";"";""
"2016/06/07";"1,174083";"788707658";"0";"-371,18";"-0%";"0,13%";"2,34%";"3,49%";"";"";""
"2016/06/06";"1,173939";"788611295";"0";"1103298,02";"0,14%";"0,22%";"2,33%";"3,48%";"";"";""
"2016/06/03";"1,172897";"786808997";"0";"127,93";"0%";"0,07%";"2,21%";"3,27%";"";"";""
"2016/06/02";"1,170712";"785343116";"0";"25000876,65";"3,29%";"-0,07%";"2,31%";"3,18%";"";"";""
"2016/06/01";"1,17089";"760457845";"0";"5451621,44";"0,72%";"-0,04%";"2,44%";"3,14%";"";"";""
"2016/05/31";"1,170635";"754841796";"0";"22641997,28";"3,1%";"-0,12%";"2,28%";"3,48%";"";"";""
"2016/05/30";"1,169613";"731560566";"0";"-526,08";"-0%";"-0,21%";"2,19%";"3,39%";"";"";""
"2016/05/27";"1,170277";"731976406";"0";"35035651";"5,03%";"-0,16%";"2,27%";"3,43%";"";"";""
"2016/05/26";"1,170363";"696991971";"0";"-141542703,15";"-16,9%";"-0,15%";"2,33%";"3,5%";"";"";""
"2016/05/25";"1,169099";"837629051";"0";"337,29";"0%";"-0,4%";"2,31%";"3,34%";"";"";""
"2016/05/24";"1,169697";"838057165";"0";"-457,58";"-0%";"-0,47%";"2,28%";"3,39%";"";"";""
"2016/05/23";"1,171284";"839194667";"0";"307,96";"0%";"-0,15%";"2,45%";"3,53%";"";"";""
"2016/05/20";"1,171075";"839044616";"0";"3426759,15";"0,41%";"-0%";"2,42%";"3,56%";"";"";""
"2016/05/19";"1,17155";"835956792";"0";"438,03";"0%";"0,04%";"2,4%";"3,71%";"";"";""
"2016/05/18";"1,172544";"836665620";"0";"2273911,44";"0,27%";"0,08%";"2,5%";"3,72%";"";"";""
"2016/05/17";"1,174446";"835745187";"0";"600403,64";"0,07%";"0,31%";"2,46%";"4,02%";"";"";""
"2016/05/13";"1,173998";"834826212";"0";"308,23";"0%";"-0%";"2,26%";"4,12%";"";"";""
"2016/05/12";"1,173441";"834429823";"0";"-168,38";"-0%";"-0,05%";"2,42%";"4,06%";"";"";""
"2016/05/11";"1,172444";"833721028";"0";"271,55";"0%";"-0,4%";"2,55%";"4%";"";"";""
"2016/05/10";"1,170407";"832272253";"0";"-840963,45";"-0,1%";"-0,25%";"2,28%";"3,93%";"";"";""
"2016/05/09";"1,172836";"834842215";"0";"-25,8";"-0%";"-0,11%";"2,4%";"4,14%";"";"";""
"2016/05/06";"1,174851";"836276548";"0";"41,63";"0%";"0,43%";"2,86%";"4,52%";"";"";""
"2016/05/05";"1,174572";"836077910";"0";"119,94";"0%";"0,41%";"2,79%";"4,66%";"";"";""
"2016/05/04";"1,173827";"835547488";"0";"-317,45";"-0%";"0,32%";"2,77%";"4,52%";"";"";""
"2016/05/03";"1,173678";"835441745";"0";"294,73";"0%";"0,37%";"2,74%";"4,71%";"";"";""
"2016/05/02";"1,173512";"835323289";"0";"-120,72";"-0%";"0,32%";"2,68%";"4,7%";"";"";""
"2016/04/29";"1,174105";"835745516";"0";"18,36";"0%";"0,15%";"2,63%";"4,98%";"";"";""
"2016/04/28";"1,17219";"834382372";"0";"255,47";"0%";"0,01%";"2,43%";"4,9%";"";"";""
"2016/04/27";"1,169942";"832781957";"0";"-677,72";"-0%";"-0,35%";"2,26%";"4,56%";"";"";""
"2016/04/26";"1,169621";"832554142";"0";"131,28";"0%";"-0,16%";"2,18%";"4,9%";"";"";""
"2016/04/25";"1,1691";"832183155";"0";"-43,82";"-0%";"-0,21%";"2,03%";"4,85%";"";"";""
"2016/04/22";"1,169256";"832294242";"0";"-5105292,81";"-0,61%";"-0,12%";"2,04%";"4,62%";"";"";""
"2016/04/21";"1,168337";"836741364";"0";"-11304067,04";"-1,33%";"0,04%";"1,68%";"4,67%";"";"";""
"2016/04/20";"1,168484";"848152132";"0";"-98,86";"-0%";"0,08%";"1,78%";"4,44%";"";"";""
"2016/04/19";"1,167763";"847628888";"0";"93,15";"0%";"0,02%";"1,69%";"4,53%";"";"";""
"2016/04/18";"1,168272";"847998256";"0";"3981271,2";"0,47%";"0,15%";"1,84%";"4,58%";"";"";""
"2016/04/15";"1,16817";"843943295";"0";"-607,18";"-0%";"0,06%";"1,69%";"4,67%";"";"";""
"2016/04/14";"1,167896";"843745951";"0";"435,86";"0%";"0,48%";"1,59%";"5,12%";"";"";""
"2016/04/13";"1,169365";"844806793";"0";"-2047207,5";"-0,24%";"0,46%";"1,69%";"5,01%";"";"";""
"2016/04/12";"1,171974";"848743438";"0";"223,92";"0%";"0,9%";"1,96%";"5,29%";"";"";""
"2016/04/11";"1,173551";"849885277";"0";"5002806,36";"0,59%";"0,92%";"2,09%";"5,43%";"";"";""
"2016/04/08";"1,171949";"843729132";"0";"484,37";"0%";"0,61%";"1,8%";"5,48%";"";"";""
"2016/04/07";"1,172854";"844380190";"0";"-112,32";"-0%";"0,76%";"1,82%";"5,52%";"";"";""
"2016/04/06";"1,170673";"842810121";"0";"13,53";"0%";"0,93%";"1,62%";"5,56%";"";"";""
"2016/04/05";"1,168935";"841558858";"0";"-494,33";"-0%";"1,11%";"1,42%";"5,41%";"";"";""
"2016/04/04";"1,166091";"839511852";"0";"1803910,95";"0,22%";"0,86%";"1,22%";"5,15%";"";"";""
"2016/04/01";"1,165465";"837258229";"0";"168,9";"0%";"1,02%";"1,29%";"4,98%";"";"";""
"2016/03/31";"1,165144";"837027457";"0";"-140,88";"-0%";"0,99%";"1,19%";"5,06%";"";"";""
"2016/03/30";"1,164975";"836906190";"0";"-317,35";"-0%";"1,15%";"1,18%";"4,88%";"";"";""
"2016/03/29";"1,165556";"837323892";"0";"-135,48";"-0%";"1,27%";"1,01%";"4,72%";"";"";""
"2016/03/24";"1,166157";"837755780";"0";"47,15";"0%";"1,37%";"1,4%";"4,96%";"";"";""
"2016/03/23";"1,16433";"836443234";"0";"283,69";"0%";"1,21%";"1,35%";"5%";"";"";""
"2016/03/22";"1,166268";"837835190";"0";"8149519,28";"0,98%";"1,27%";"1,49%";"5,36%";"";"";""
"2016/03/21";"1,166751";"830029278";"0";"499008,82";"0,06%";"1,3%";"1,63%";"5,4%";"";"";""
"2016/03/18";"1,167662";"830177967";"0";"419,97";"0%";"1,29%";"1,64%";"5,78%";"";"";""
"2016/03/17";"1,168283";"830619062";"0";"778700,73";"0,09%";"1,51%";"1,74%";"5,84%";"";"";""
"2016/03/16";"1,167112";"829008591";"0";"449540,08";"0,05%";"1,48%";"1,7%";"5,66%";"";"";""
"2016/03/11";"1,167111";"828558341";"0";"-5164067,16";"-0,62%";"0,82%";"1,55%";"5,72%";"";"";""
"2016/03/10";"1,169634";"835524706";"0";"527,54";"0%";"1,24%";"1,85%";"5,84%";"";"";""
"2016/03/09";"1,1692";"835214152";"0";"-24759667,26";"-2,88%";"1,69%";"1,71%";"6,01%";"";"";""
"2016/03/08";"1,170778";"861134475";"0";"1228402,87";"0,14%";"1,92%";"1,88%";"5,91%";"";"";""
"2016/03/07";"1,172537";"861198012";"0";"2000219,75";"0,23%";"2,21%";"1,87%";"6,07%";"";"";""
"2016/03/04";"1,171326";"858310410";"0";"4999495,95";"0,58%";"2,11%";"1,81%";"6,19%";"";"";""
"2016/03/03";"1,172094";"853870402";"0";"13321381,57";"1,56%";"2,14%";"2,01%";"6,44%";"";"";""
"2016/03/02";"1,171548";"840157465";"0";"265,99";"0%";"2,39%";"2,03%";"6,45%";"";"";""
"2016/03/01";"1,171317";"839991541";"0";"999167,01";"0,12%";"2,48%";"1,91%";"6,42%";"";"";""
"2016/02/29";"1,172078";"839537464";"0";"375,42";"0%";"2,43%";"1,9%";"6,48%";"";"";""
"2016/02/26";"1,17214";"839581498";"0";"2767165,92";"0,33%";"2,49%";"1,73%";"6,63%";"";"";""
"2016/02/25";"1,173756";"837968027";"0";"265,8";"0%";"2,72%";"1,78%";"7%";"";"";""
"2016/02/24";"1,175244";"839030074";"0";"991541,36";"0,12%";"2,76%";"1,83%";"7,11%";"";"";""
"2016/02/23";"1,173031";"836460495";"0";"2103036,43";"0,25%";"2,61%";"2,4%";"7,09%";"";"";""
"2016/02/22";"1,170213";"832353062";"0";"1098742,61";"0,13%";"2,35%";"2,15%";"6,92%";"";"";""
"2016/02/19";"1,171077";"831868057";"0";"947884,06";"0,11%";"2,36%";"2,23%";"6,93%";"";"";""
"2016/02/18";"1,171578";"831275650";"0";"64,92";"0%";"2,42%";"2,3%";"6,9%";"";"";""
"2016/02/17";"1,170847";"830756915";"0";"-21,93";"-0%";"2,14%";"2,23%";"6,85%";"";"";""
"2016/02/16";"1,172677";"832055386";"0";"-276,49";"-0%";"2,2%";"2,43%";"6,99%";"";"";""
"2016/02/15";"1,172422";"831874731";"0";"187,97";"0%";"2,12%";"2,41%";"7,01%";"";"";""
"2016/02/12";"1,174003";"832996318";"0";"55,04";"0%";"2,47%";"2,31%";"7,13%";"";"";""
"2016/02/11";"1,177115";"835204336";"0";"4010020,78";"0,48%";"2,96%";"2,6%";"7,45%";"";"";""
"2016/02/10";"1,173359";"828542097";"0";"24001640,27";"2,9%";"2,54%";"2,44%";"7,16%";"";"";""
"2016/02/09";"1,174153";"805084881";"0";"-9,15";"-0%";"2,52%";"2,53%";"7,53%";"";"";""
"2016/02/08";"1,173273";"804481498";"0";"-3519348,46";"-0,44%";"2,72%";"2,46%";"7,48%";"";"";""
"2016/02/05";"1,169821";"805623549";"0";"5728929,28";"0,71%";"2,38%";"2,62%";"7,07%";"";"";""
"2016/02/04";"1,17006";"800058042";"0";"-187,63";"-0%";"2,44%";"2,67%";"6,94%";"";"";""
"2016/02/03";"1,169346";"799570014";"0";"998554,51";"0,12%";"2,36%";"2,63%";"7,08%";"";"";""
"2016/02/02";"1,169785";"798871262";"0";"427,34";"0%";"2,36%";"2,73%";"7,14%";"";"";""
"2016/02/01";"1,170845";"799594731";"0";"3017142,1";"0,38%";"2,34%";"2,83%";"7,28%";"";"";""
"2016/01/29";"1,172298";"797566129";"0";"1957761,95";"0,25%";"2,48%";"2,95%";"7,24%";"";"";""
"2016/01/28";"1,172025";"795423089";"0";"222,65";"0%";"2,41%";"2,8%";"6,99%";"";"";""
"2016/01/27";"1,174029";"796782929";"0";"2472915,42";"0,31%";"2,62%";"2,93%";"7,18%";"";"";""
"2016/01/26";"1,171551";"792633479";"0";"-5857525,86";"-0,74%";"2,35%";"2,62%";"6,98%";"";"";""
"2016/01/25";"1,171516";"798467150";"0";"98,03";"0%";"2,24%";"2,62%";"7%";"";"";""
"2016/01/22";"1,170633";"797865228";"0";"3126663,99";"0,39%";"2,16%";"2,67%";"7,28%";"";"";""
"2016/01/21";"1,167891";"792877030";"0";"280,61";"0%";"1,65%";"2,47%";"7,01%";"";"";""
"2016/01/20";"1,167548";"792643888";"0";"-1015829,04";"-0,13%";"1,7%";"2,46%";"7,12%";"";"";""
"2016/01/19";"1,167561";"793668554";"0";"33,37";"0%";"1,67%";"2,59%";"7,36%";"";"";""
"2016/01/18";"1,16652";"792960884";"0";"-198,7";"-0%";"1,69%";"2,49%";"7,27%";"";"";""
"2016/01/15";"1,167469";"793606181";"0";"77,06";"0%";"1,63%";"2,73%";"7,5%";"";"";""
"2016/01/14";"1,162325";"790109386";"0";"5003583,72";"0,63%";"1,1%";"2,37%";"7,28%";"";"";""
"2016/01/13";"1,164047";"786268947";"0";"-395,56";"-0%";"1,23%";"2,48%";"7,55%";"";"";""
"2016/01/12";"1,161519";"784561775";"0";"-166,03";"-0%";"1,05%";"2,34%";"7,61%";"";"";""
"2016/01/11";"1,162796";"785424506";"0";"262,78";"0%";"1,16%";"2,45%";"7,81%";"";"";""
"2016/01/08";"1,164855";"786815019";"0";"-20,07";"-0%";"1,19%";"2,97%";"8,03%";"";"";""
"2016/01/07";"1,163954";"786206448";"0";"217,67";"0%";"1,05%";"3,19%";"8,21%";"";"";""
"2016/01/06";"1,159861";"783441566";"0";"-173,72";"-0%";"0,68%";"2,56%";"7,71%";"";"";""
"2016/01/05";"1,156089";"780893898";"0";"2268968,97";"0,29%";"0,31%";"2,08%";"7,36%";"";"";""
"2016/01/04";"1,156127";"778650522";"0";"252,63";"0%";"0,36%";"2,08%";"7,41%";"";"";""
"2015/12/31";"1,153727";"777033872";"0";"-142,1";"-0%";"0,2%";"2,1%";"7,19%";"";"";""
"2015/12/30";"1,151771";"775716650";"0";"1692975,13";"0,22%";"0,03%";"1,93%";"7,12%";"";"";""
"2015/12/29";"1,150952";"773473283";"0";"1458164,64";"0,19%";"-0,26%";"1,64%";"7,19%";"";"";""
"2015/12/28";"1,151782";"772571851";"0";"1460270,62";"0,19%";"0%";"1,37%";"7,32%";"";"";""
"2015/12/23";"1,150426";"770203746";"0";"-12,08";"-0%";"0,14%";"1,46%";"7,19%";"";"";""
"2015/12/22";"1,151599";"770989075";"0";"252,76";"0%";"0,21%";"1,6%";"7,24%";"";"";""
"2015/12/21";"1,151726";"771073848";"0";"-578,07";"-0%";"0,32%";"1,54%";"7,05%";"";"";""
"2015/12/18";"1,152773";"771775387";"0";"2234021,99";"0,29%";"0,35%";"1,93%";"7,29%";"";"";""
"2015/12/17";"1,15086";"768264329";"0";"74,83";"0%";"0,23%";"1,7%";"7,33%";"";"";""
"2015/12/16";"1,150098";"767755576";"0";"-144,92";"-0%";"0,21%";"1,67%";"7,67%";"";"";""
"2015/12/15";"1,155233";"771183625";"0";"-205,14";"-0%";"0,59%";"2,06%";"9,39%";"";"";""
"2015/12/14";"1,155529";"771381427";"0";"838274,46";"0,11%";"0,63%";"2,05%";"9,08%";"";"";""
"2015/12/11";"1,157568";"771902822";"0";"-278";"-0%";"0,72%";"2,05%";"9,08%";"";"";""
"2015/12/10";"1,155351";"770424734";"0";"-158,05";"-0%";"0,61%";"1,82%";"8,95%";"";"";""
"2015/12/09";"1,149724";"766672629";"0";"135,86";"0%";"0,01%";"1,48%";"8,56%";"";"";""
"2015/12/08";"1,148744";"766018998";"0";"-308";"-0%";"-0,04%";"1,17%";"8,38%";"";"";""
"2015/12/07";"1,147196";"764987050";"0";"435,05";"0%";"-0,34%";"1,12%";"8,37%";"";"";""
"2015/12/04";"1,147166";"764966610";"0";"-2618231,38";"-0,34%";"-0,29%";"0,96%";"8,43%";"";"";""
"2015/12/03";"1,147496";"767805649";"0";"-622,75";"-0%";"-0,13%";"1,03%";"8,46%";"";"";""
"2015/12/02";"1,144242";"765628973";"0";"444,04";"0%";"-0,35%";"0,84%";"8,2%";"";"";""
"2015/12/01";"1,142946";"764761357";"0";"-55,09";"-0%";"-0,56%";"0,68%";"8,1%";"";"";""
"2015/11/30";"1,144495";"765797870";"0";"-147,01";"-0%";"-0,5%";"1,16%";"8,34%";"";"";""
"2015/11/27";"1,144285";"765657503";"0";"-1459016,23";"-0,19%";"-0,46%";"1,13%";"8,26%";"";"";""
"2015/11/26";"1,143704";"766727023";"0";"205";"0%";"-0,74%";"1,14%";"8,23%";"";"";""
"2015/11/25";"1,142666";"766030954";"0";"234,55";"0%";"-0,91%";"1%";"7,99%";"";"";""
"2015/11/24";"1,143634";"766679656";"0";"-584,53";"-0%";"-0,91%";"1,09%";"8,2%";"";"";""
"2015/11/23";"1,143227";"766407392";"0";"553,85";"0%";"-0,21%";"1,05%";"8,27%";"";"";""
"2015/11/20";"1,143368";"766501363";"0";"-421,93";"-0%";"-0,19%";"1,11%";"8,43%";"";"";""
"2015/11/19";"1,144059";"766965024";"0";"156";"0%";"-0,13%";"1,28%";"8,69%";"";"";""
"2015/11/18";"1,14391";"766864980";"0";"-94,65";"-0%";"-0,12%";"1,19%";"8,63%";"";"";""
"2015/11/17";"1,146261";"768441160";"0";"307,4";"0%";"0,08%";"1,52%";"8,84%";"";"";""
"2015/11/16";"1,147488";"769263420";"0";"96,17";"0%";"0,23%";"1,63%";"9,23%";"";"";""
"2015/11/13";"1,148072";"769654831";"0";"-103,4";"-0%";"0,23%";"1,82%";"9,14%";"";"";""
"2015/11/12";"1,145727";"768082872";"0";"-420";"-0%";"-0,16%";"1,6%";"8,83%";"";"";""
"2015/11/11";"1,143244";"766418715";"0";"29,06";"0%";"-0,35%";"1,41%";"8,66%";"";"";""
"2015/11/10";"1,144297";"767124606";"0";"459,91";"0%";"-0,1%";"1,61%";"8,51%";"";"";""
"2015/11/09";"1,145325";"767813306";"0";"-471,2";"-0%";"0,02%";"1,7%";"8,78%";"";"";""
"2015/11/06";"1,142202";"765720151";"0";"52,01";"0%";"-0,13%";"1,62%";"8,38%";"";"";""
"2015/11/05";"1,142672";"766035182";"0";"-171,08";"-0%";"0,24%";"1,81%";"9,54%";"";"";""
"2015/11/04";"1,142202";"765720270";"0";"59,02";"0%";"0,22%";"1,71%";"9,45%";"";"";""
"2015/11/03";"1,142333";"765808032";"0";"30,73";"0%";"0,26%";"1,92%";"9,54%";"";"";""
"2015/11/02";"1,142833";"766143196";"0";"234,07";"0%";"0,37%";"1,96%";"9,83%";"";"";""
"2015/10/30";"1,144092";"766986982";"0";"-57,99";"-0%";"0,53%";"2,08%";"9,66%";"";"";""
"2015/10/29";"1,143979";"766911286";"0";"-140,87";"-0%";"0,47%";"2,28%";"9,77%";"";"";""
"2015/10/28";"1,144421";"767207739";"0";"292,89";"0%";"0,38%";"2,42%";"9,68%";"";"";""
"2015/10/27";"1,144043";"766954039";"0";"86,45";"0%";"0,3%";"2,25%";"9,68%";"";"";""
"2015/10/26";"1,144625";"767344119";"0";"-523,95";"-0%";"0,26%";"2,66%";"10%";"";"";""
"2015/10/22";"1,145865";"768175926";"0";"998695,98";"0,13%";"0,5%";"2,52%";"10,12%";"";"";""
"2015/10/21";"1,148977";"769260770";"0";"-538,5";"-0%";"0,81%";"2,93%";"10,39%";"";"";""
"2015/10/20";"1,148083";"768662759";"0";"201,52";"0%";"0,75%";"2,62%";"10,32%";"";"";""
"2015/10/19";"1,148385";"768864752";"0";"-51,39";"-0%";"0,9%";"2,8%";"10,33%";"";"";""
"2015/10/16";"1,147136";"768028575";"0";"34,38";"0%";"0,91%";"2,64%";"10,22%";"";"";""
"2015/10/15";"1,148742";"769103787";"0";"-237,68";"-0%";"1,08%";"2,92%";"10,41%";"";"";""
"2015/10/14";"1,149651";"769712617";"0";"534,51";"0%";"1,26%";"3,47%";"10,39%";"";"";""
"2015/10/13";"1,149901";"769879462";"0";"-215,36";"-0%";"1,24%";"3,26%";"10,38%";"";"";""
"2015/10/12";"1,149497";"769609192";"0";"-143,33";"-0%";"1,28%";"3,27%";"10,25%";"";"";""
"2015/10/09";"1,149479";"769597284";"0";"-85,97";"-0%";"1,48%";"3,43%";"10,31%";"";"";""
"2015/10/08";"1,15119";"770742916";"0";"259,34";"0%";"1,76%";"3,61%";"10,36%";"";"";""
"2015/10/07";"1,151868";"771196590";"0";"158,89";"0%";"2,11%";"3,63%";"10,39%";"";"";""
"2015/10/06";"1,152028";"771303554";"0";"-402,83";"-0%";"1,86%";"3,88%";"10,36%";"";"";""
"2015/10/05";"1,152553";"771655454";"0";"218,58";"0%";"1,77%";"3,93%";"10,51%";"";"";""
"2015/10/02";"1,151981";"771272271";"0";"";"";"1,7%";"3,88%";"10,32%";"";"";""
"2015/10/01";"1,150628";"770366674";"0";"388,04";"0%";"1,62%";"3,64%";"10,17%";"";"";""
"2015/09/30";"1,151431";"770903909";"0";"-134,69";"-0%";"1,9%";"3,66%";"10,35%";"";"";""
"2015/09/29";"1,153944";"772586543";"0";"-83,48";"-0%";"1,9%";"3,68%";"10,41%";"";"";""
"2015/09/28";"1,151732";"771105652";"0";"126,06";"0%";"1,37%";"3,48%";"10,23%";"";"";""
"2015/09/25";"1,149509";"769617187";"0";"-117,01";"-0%";"1,3%";"3,4%";"9,85%";"";"";""
"2015/09/24";"1,150055";"769982861";"0";"239,59";"0%";"1,45%";"3,51%";"9,96%";"";"";""
"2015/09/23";"1,148788";"769134342";"0";"-238,71";"-0%";"1,31%";"3,6%";"9,96%";"";"";""
"2015/09/22";"1,149132";"769364895";"0";"-21,07";"-0%";"1,38%";"3,81%";"10,63%";"";"";""
"2015/09/21";"1,148036";"768631124";"0";"160,82";"0%";"1,22%";"3,71%";"10,72%";"";"";""
"2015/09/18";"1,148769";"769121720";"0";"50048870";"6,51%";"1,57%";"4,07%";"10,5%";"";"";""
"2015/09/17";"1,148261";"718754867";"0";"-57,61";"-0%";"1,47%";"4,03%";"10,33%";"";"";""
"2015/09/16";"1,147643";"718368087";"0";"239,84";"0%";"1,46%";"3,9%";"10,4%";"";"";""
"2015/09/15";"1,148436";"718864226";"0";"399415,91";"0,06%";"1,46%";"3,93%";"10,28%";"";"";""
"2015/09/14";"1,148333";"718400373";"0";"100,89";"0%";"1,41%";"3,92%";"10,29%";"";"";""
"2015/09/11";"1,149242";"718968945";"0";"-14445607,66";"-2,01%";"1,32%";"4,11%";"10,41%";"";"";""
"2015/09/10";"1,148345";"732842112";"0";"-494,41";"-0%";"1,21%";"3,92%";"10,28%";"";"";""
"2015/09/09";"1,149598";"733642237";"0";"964241,38";"0,13%";"1,47%";"4,24%";"10,45%";"";"";""
"2015/09/08";"1,149213";"732432622";"0";"76,27";"0%";"1,21%";"3,96%";"10,67%";"";"";""
"2015/09/07";"1,151055";"733606515";"0";"-521,03";"-0%";"1,46%";"4,13%";"10,87%";"";"";""
"2015/09/04";"1,150448";"733220174";"0";"-2012765,34";"-0,27%";"1,25%";"4,29%";"10,87%";"";"";""
"2015/09/03";"1,148992";"734302433";"0";"-503,32";"-0%";"1,17%";"4,34%";"10,75%";"";"";""
"2015/09/02";"1,148266";"733838961";"0";"999159,32";"0,14%";"1,2%";"4,33%";"10,75%";"";"";""
"2015/09/01";"1,149378";"733549496";"0";"261,32";"0%";"1,25%";"4,42%";"10,97%";"";"";""
"2015/08/31";"1,149216";"733445844";"0";"87,37";"0%";"1,58%";"4,41%";"10,85%";"";"";""
"2015/08/28";"1,150227";"734090991";"0";"1996429,73";"0,27%";"1,62%";"4,5%";"11,07%";"";"";""
"2015/08/27";"1,149524";"731647117";"0";"186,41";"0%";"1,6%";"4,44%";"11%";"";"";""
"2015/08/26";"1,152208";"733355238";"0";"-114,56";"-0%";"1,89%";"4,81%";"11,14%";"";"";""
"2015/08/25";"1,153177";"733972100";"0";"-38,61";"-0%";"1,93%";"5,12%";"11,37%";"";"";""
"2015/08/24";"1,154127";"734576793";"0";"113,14";"0%";"2,01%";"5,18%";"11,3%";"";"";""
"2015/08/19";"1,145587";"729141156";"0";"121,22";"0%";"1,41%";"4,6%";"10,68%";"";"";""
"2015/08/18";"1,14528";"728945636";"0";"2004386,85";"0,27%";"1,31%";"4,5%";"10,57%";"";"";""
"2015/08/17";"1,145332";"726974255";"0";"163,16";"0%";"1,44%";"4,52%";"10,75%";"";"";""
"2015/08/14";"1,144806";"726640225";"0";"216,43";"0%";"1,38%";"4,49%";"10,62%";"";"";""
"2015/08/13";"1,145491";"727074797";"0";"-101,81";"-0%";"1,59%";"4,55%";"10,7%";"";"";""
"2015/08/12";"1,147514";"728358953";"0";"42,64";"0%";"1,76%";"4,72%";"11%";"";"";""
"2015/08/11";"1,147295";"728219905";"0";"-265,12";"-0%";"1,77%";"4,73%";"10,96%";"";"";""
"2015/08/10";"1,145421";"727030690";"0";"-192,5";"-0%";"1,71%";"4,61%";"10,82%";"";"";""
"2015/08/07";"1,145147";"726856967";"0";"42,94";"0%";"1,5%";"4,9%";"10,66%";"";"";""
"2015/08/06";"1,143669";"725918796";"0";"422,47";"0%";"1,75%";"4,77%";"10,65%";"";"";""
"2015/08/05";"1,139929";"723544492";"0";"23,25";"0%";"1,57%";"4,34%";"10,29%";"";"";""
"2015/08/04";"1,139649";"723366745";"0";"-527,4";"-0%";"1,48%";"4,16%";"10,29%";"";"";""
"2015/08/03";"1,139393";"723204782";"0";"8211768,08";"1,14%";"1,66%";"4,34%";"10,24%";"";"";""
"2015/07/31";"1,138658";"714531786";"0";"-371,73";"-0%";"1,59%";"4,33%";"10,31%";"";"";""
"2015/07/30";"1,138037";"714142467";"0";"-97,91";"-0%";"1,54%";"4,27%";"10,37%";"";"";""
"2015/07/29";"1,138672";"714541041";"0";"976242,9";"0,14%";"1,81%";"4,17%";"10,68%";"";"";""
"2015/07/28";"1,140107";"714464061";"0";"-200,86";"-0%";"2,03%";"4,08%";"10,9%";"";"";""
"2015/07/27";"1,140595";"714770074";"0";"18004600,96";"2,52%";"1,94%";"4,13%";"11,09%";"";"";""
"2015/07/24";"1,141661";"697416670";"0";"-354";"-0%";"2,39%";"4,28%";"11,3%";"";"";""
"2015/07/23";"1,140311";"696592337";"0";"454,23";"0%";"1,94%";"4,15%";"11,41%";"";"";""
"2015/07/22";"1,140177";"696510025";"0";"-318,57";"-0%";"2,01%";"4,49%";"11,26%";"";"";""
"2015/07/21";"1,139768";"696260494";"0";"69,24";"0%";"2,11%";"4,43%";"11,12%";"";"";""
"2015/07/20";"1,139551";"696127864";"0";"129,6";"0%";"1,86%";"4,55%";"11,13%";"";"";""
"2015/07/17";"1,138125";"695256621";"0";"-285,17";"-0%";"1,88%";"4,66%";"11,1%";"";"";""
"2015/07/16";"1,13681";"694453600";"0";"67,42";"0%";"1,71%";"4,54%";"11,02%";"";"";""
"2015/07/15";"1,136459";"694239114";"0";"-58,54";"-0%";"1,82%";"4,65%";"10,92%";"";"";""
"2015/07/14";"1,135379";"693579423";"0";"144,11";"0%";"2,19%";"4,79%";"10,84%";"";"";""
"2015/07/13";"1,135866";"693876777";"0";"232,65";"0%";"2%";"4,95%";"10,83%";"";"";""
"2015/07/10";"1,134969";"693328586";"0";"-84,15";"-0%";"1,96%";"5,23%";"10,73%";"";"";""
"2015/07/09";"1,132748";"691971908";"0";"-109,35";"-0%";"1,93%";"5,02%";"10,6%";"";"";""
"2015/07/08";"1,131271";"691069749";"0";"98,14";"0%";"1,82%";"4,91%";"10,41%";"";"";""
"2015/07/07";"1,128023";"689085516";"0";"-157,27";"-0%";"1,49%";"4,87%";"9,87%";"";"";""
"2015/07/06";"1,130945";"690870662";"0";"-314,15";"-0%";"1,98%";"5,02%";"10,29%";"";"";""
"2015/07/03";"1,132538";"691844107";"0";"506,08";"0%";"2,12%";"5,22%";"10,37%";"";"";""
"2015/07/02";"1,132686";"691934011";"0";"-445,38";"-0%";"2,14%";"5,23%";"10,47%";"";"";""
"2015/07/01";"1,132308";"691703544";"0";"15,71";"0%";"1,99%";"5,2%";"10,51%";"";"";""
"2015/06/30";"1,129949";"690262464";"0";"96,67";"0%";"1,73%";"5,09%";"10,19%";"";"";""
"2015/06/29";"1,132386";"691751080";"0";"67,99";"0%";"1,74%";"5,46%";"10,56%";"";"";""
"2015/06/26";"1,136168";"694061357";"0";"342,72";"0%";"2,08%";"5,87%";"11,11%";"";"";""
"2015/06/25";"1,1348";"693225332";"0";"-508,17";"-0%";"2,07%";"5,74%";"11,03%";"";"";""
"2015/06/24";"1,133658";"692528216";"0";"-20,75";"-0%";"2,04%";"5,63%";"10,94%";"";"";""
"2015/06/23";"1,133888";"692668739";"0";"-64,34";"-0%";"2,25%";"5,65%";"10,96%";"";"";""
"2015/06/22";"1,133468";"692412234";"0";"235,9";"0%";"2,4%";"5,56%";"10,92%";"";"";""
"2015/06/19";"1,134222";"692872601";"0";"1002597,51";"0,14%";"2,68%";"5,43%";"10,86%";"";"";""
"2015/06/18";"1,130974";"689888739";"0";"41,05";"0%";"2,46%";"5,26%";"10,42%";"";"";""
"2015/06/17";"1,131587";"690262625";"0";"-466,2";"-0%";"2,52%";"5,53%";"10,5%";"";"";""
"2015/06/16";"1,131177";"690012993";"0";"395,74";"0%";"2,41%";"5,9%";"10,41%";"";"";""
"2015/06/15";"1,131864";"690431664";"0";"-322,23";"-0%";"2,43%";"7,17%";"10,67%";"";"";""
"2015/06/12";"1,132363";"690736374";"0";"28,27";"0%";"2,75%";"6,89%";"10,83%";"";"";""
"2015/06/11";"1,134308";"691922787";"0";"1001639,15";"0,14%";"2,75%";"6,89%";"11%";"";"";""
"2015/06/10";"1,134665";"691138601";"0";"-515,92";"-0%";"2,68%";"7%";"11,16%";"";"";""
"2015/06/09";"1,13293";"690082306";"0";"408,74";"0%";"2,73%";"6,98%";"11,02%";"";"";""
"2015/06/08";"1,135504";"691649753";"0";"999484,07";"0,14%";"2,72%";"7,13%";"11,27%";"";"";""
"2015/06/05";"1,13448";"690027439";"0";"1515944,47";"0,22%";"2,77%";"7,17%";"11,02%";"";"";""
"2015/06/04";"1,136208";"689560211";"0";"153,96";"0%";"3%";"7,4%";"11%";"";"";""
"2015/06/03";"1,135747";"689280278";"0";"-88727,12";"-0,01%";"3,14%";"7,35%";"11,02%";"";"";""
"2015/06/02";"1,134671";"688715901";"0";"1062365,76";"0,15%";"3,09%";"7,29%";"11,03%";"";"";""
"2015/06/01";"1,13522";"687986250";"0";"249,22";"0%";"3,14%";"7,37%";"11,18%";"";"";""
"2015/05/29";"1,131316";"685620030";"0";"10,73";"0%";"2,78%";"7,09%";"10,79%";"";"";""
"2015/05/28";"1,131841";"685938189";"0";"-2578525,25";"-0,38%";"2,83%";"7,14%";"10,77%";"";"";""
"2015/05/27";"1,131476";"688294679";"0";"25,93";"0%";"2,8%";"7,05%";"10,73%";"";"";""
"2015/05/26";"1,130836";"687905331";"0";"-147,28";"-0%";"2,87%";"7,01%";"10,65%";"";"";""
"2015/05/22";"1,131348";"688216936";"0";"1000382,9";"0,15%";"3,37%";"7,15%";"10,44%";"";"";""
"2015/05/21";"1,130801";"686884288";"0";"-137";"-0%";"3,32%";"7,09%";"10,35%";"";"";""
"2015/05/20";"1,130801";"686884425";"0";"3001413,76";"0,44%";"3,32%";"7,24%";"10,21%";"";"";""
"2015/05/19";"1,129638";"683179655";"0";"-512,74";"-0%";"3,14%";"7,32%";"10,11%";"";"";""
"2015/05/18";"1,130443";"683667014";"0";"540,29";"0%";"3,14%";"7,35%";"10,44%";"";"";""
"2015/05/15";"1,129089";"682847605";"0";"-68,14";"-0%";"3,06%";"7,48%";"10,28%";"";"";""
"2015/05/14";"1,129193";"682910570";"0";"-416,55";"-0%";"3,07%";"7,49%";"10,39%";"";"";""
"2015/05/13";"1,12757";"681929432";"0";"473,74";"0%";"2,92%";"7,19%";"10,19%";"";"";""
"2015/05/12";"1,127697";"682005765";"0";"1962863,12";"0,29%";"2,91%";"7,12%";"10,32%";"";"";""
"2015/05/11";"1,127375";"679848724";"0";"185,25";"0%";"2,91%";"7,15%";"10,16%";"";"";""
"2015/05/08";"1,126184";"679130322";"0";"65,1";"0%";"3,17%";"6,96%";"10,03%";"";"";""
"2015/05/07";"1,128177";"680332109";"0";"301,88";"0%";"3,35%";"7,15%";"10,05%";"";"";""
"2015/05/06";"1,123999";"677812321";"0";"-14,26";"-0%";"2,96%";"6,65%";"9,48%";"";"";""
"2015/05/05";"1,122317";"676798028";"0";"-348,66";"-0%";"2,73%";"7,59%";"9,6%";"";"";""
"2015/05/04";"1,123034";"677230754";"0";"339,78";"0%";"2,64%";"7,61%";"9,98%";"";"";""
"2015/04/30";"1,120832";"675902528";"0";"-430,99";"-0%";"2,7%";"7,43%";"9,76%";"";"";""
"2015/04/29";"1,118442";"674461701";"";"-375431,43";"-0,06%";"2,31%";"7,31%";"9,48%";"";"";""
"2015/04/28";"1,117418";"674219279";"0";"48,16";"0%";"2,01%";"7,09%";"9,28%";"";"";""
"2015/04/27";"1,118922";"675126703";"";"-18,66";"-0%";"2,15%";"7,27%";"9,4%";"";"";""
"2015/04/24";"1,114995";"672757278";"";"-276,73";"-0%";"1,84%";"7,15%";"8,9%";"";"";""
"2015/04/23";"1,118642";"674958055";"";"1002027,68";"0,15%";"2,17%";"7,5%";"9,4%";"";"";""
"2015/04/22";"1,117658";"673363190";"";"-95,92";"-0%";"2,42%";"7,41%";"9,9%";"";"";""
"2015/04/21";"1,116239";"672508371";"";"43,7";"0%";"2,28%";"7,24%";"10,06%";"";"";""
"2015/04/20";"1,118796";"674048861";"";"27,92";"0%";"2,65%";"7,51%";"10,31%";"";"";""
"2015/04/17";"1,117127";"673043299";"";"425,98";"0%";"2,73%";"7,33%";"10,15%";"";"";""
"2015/04/16";"1,117662";"673365198";"";"-446,55";"-0%";"2,78%";"7,39%";"10,18%";"";"";""
"2015/04/15";"1,116099";"672423973";"";"275,23";"0%";"2,77%";"7,27%";"9,97%";"";"";""
"2015/04/14";"1,111057";"669386010";"";"-1214476,98";"-0,18%";"2,55%";"6,68%";"9,43%";"";"";""
"2015/04/13";"1,113549";"672104583";"";"-137,39";"-0%";"2,89%";"6,89%";"9,67%";"";"";""
"2015/04/10";"1,113136";"671855446";"0";"229,88";"0%";"3,2%";"6,77%";"9,71%";"";"";""
"2015/04/09";"1,111335";"670768187";"0";"-7,89";"-0%";"3,03%";"6,65%";"9,67%";"";"";""
"2015/04/08";"1,1111";"670626356";"0";"-1007742,75";"-0,15%";"3,04%";"6,51%";"9,6%";"";"";""
"2015/04/07";"1,111476";"671861382";"0";"667471,88";"0,1%";"3,33%";"6,52%";"9,67%";"";"";""
"2015/04/02";"1,108989";"669692070";"0";"21498288,02";"3,21%";"3,03%";"6,2%";"9,61%";"";"";""
"2015/04/01";"1,110226";"648916797";"0";"-356,7";"-0%";"3,15%";"6,3%";"9,67%";"";"";""
"2015/03/31";"1,109076";"648244989";"0";"453,25";"0%";"3,04%";"6,29%";"9,47%";"";"";""
"2015/03/30";"1,110758";"649227649";"";"-326,17";"-0%";"3,31%";"6,45%";"9,65%";"";"";""
"2015/03/26";"1,113037";"650560030";"";"237,5";"0%";"3,71%";"6,53%";"9,84%";"";"";""
"2015/03/25";"1,111744";"649804046";"";"165,62";"0%";"3,59%";"6,24%";"9,83%";"";"";""
"2015/03/24";"1,111042";"649393568";"";"-451,35";"-0%";"3,52%";"6,23%";"9,99%";"";"";""
"2015/03/23";"1,108921";"648154314";"";"753327,4";"0,12%";"3,33%";"6,14%";"9,9%";"";"";""
"2015/03/20";"1,106928";"646237450";"";"-233,49";"-0%";"2,89%";"6,75%";"9,79%";"";"";""
"2015/03/19";"1,104608";"644883240";"";"34,26";"0%";"2,68%";"6,53%";"9,44%";"";"";""
"2015/03/18";"1,103852";"644441844";"";"887773,4";"0,14%";"2,74%";"6,18%";"9,49%";"";"";""
"2015/03/17";"1,103773";"643508013";"";"-366,71";"-0%";"2,94%";"6,06%";"9,48%";"";"";""
"2015/03/16";"1,104569";"643972454";"";"321,23";"0%";"3,41%";"6,26%";"9,5%";"";"";""
"2015/03/13";"1,104993";"644219328";"";"-88,45";"-0%";"4,31%";"6,13%";"9,4%";"";"";""
"2015/03/12";"1,102074";"642517617";"";"4,2";"0%";"4,03%";"5,85%";"9,36%";"";"";""
"2015/03/11";"1,103922";"643595011";"";"-305596,81";"-0,05%";"4,02%";"6,06%";"9,34%";"";"";""
"2015/03/10";"1,105072";"644571385";"";"610452,57";"0,09%";"4,21%";"6,13%";"9,61%";"";"";""
"2015/03/09";"1,102875";"642680670";"";"-211,66";"-0%";"4,14%";"5,96%";"9,27%";"";"";""
"2015/03/06";"1,10544";"644175590";"";"1102313,35";"0,17%";"4,43%";"6,48%";"9,84%";"";"";""
"2015/03/05";"1,103887";"642169842";"";"-51,52";"-0%";"4,28%";"6,33%";"9,38%";"";"";""
"2015/03/04";"1,103096";"641709741";"";"19,86";"0%";"4,27%";"6,3%";"9,55%";"";"";""
"2015/03/03";"1,101152";"640578828";"";"46,3";"0%";"4,08%";"6,14%";"8,92%";"";"";""
"2015/03/02";"1,100611";"640264063";"";"-260,61";"-0%";"4,07%";"6,15%";"9,13%";"";"";""
"2015/02/27";"1,100704";"640318425";"";"36,26";"0%";"4,14%";"6,29%";"9,06%";"";"";""
"2015/02/26";"1,09929";"639495815";"";"105,64";"0%";"4,03%";"6,03%";"8,95%";"";"";""
"2015/02/25";"1,09698";"638151901";"";"-38,42";"-0%";"3,67%";"5,94%";"8,73%";"";"";""
"2015/02/24";"1,09728";"638326460";"";"46,83";"0%";"3,81%";"5,81%";"8,62%";"";"";""
"2015/02/23";"1,095415";"637241477";"";"180,35";"0%";"3,74%";"5,63%";"8,49%";"";"";""
"2015/02/20";"1,094489";"636702610";"";"32,48";"0%";"3,8%";"5,75%";"8,58%";"";"";""
"2015/02/19";"1,095208";"637120845";"";"-25,61";"-0%";"4,05%";"5,82%";"8,77%";"";"";""
"2015/02/18";"1,095984";"637572297";"";"-374,87";"-0%";"4,08%";"5,81%";"9%";"";"";""
"2015/02/17";"1,095821";"637477849";"";"425,94";"0%";"4,05%";"5,96%";"8,92%";"";"";""
"2015/02/16";"1,096025";"637596097";"";"75848324,88";"11,9%";"4,33%";"5,98%";"9,06%";"";"";""
"2015/02/13";"1,095598";"561528921";"";"-193,48";"-0%";"4,15%";"5,88%";"9,04%";"";"";""
"2015/02/12";"1,095817";"561641359";"";"201,67";"0%";"4,09%";"6%";"9,21%";"";"";""
"2015/02/11";"1,095493";"561475097";"";"111,77";"0%";"4,12%";"5,95%";"9,15%";"";"";""
"2015/02/10";"1,094951";"561197193";"";"-93";"-0%";"3,83%";"5,94%";"9,14%";"";"";""
"2015/02/09";"1,091939";"559653540";"";"-74,77";"-0%";"3,71%";"5,65%";"9,01%";"";"";""
"2015/02/06";"1,091633";"559496780";"";"78,02";"0%";"3,58%";"5,62%";"9,03%";"";"";""
"2015/02/05";"1,092528";"559955418";"";"39,57";"0%";"4,73%";"5,7%";"9,16%";"";"";""
"2015/02/04";"1,094148";"560785680";"";"-116,48";"-0%";"4,84%";"5,88%";"9,22%";"";"";""
"2015/02/03";"1,092004";"559686928";"";"174,67";"0%";"4,72%";"5,66%";"8,99%";"";"";""
"2015/02/02";"1,091789";"559576559";"";"-4,9";"-0%";"4,92%";"5,64%";"8,99%";"";"";""
"2015/01/30";"1,091383";"559368476";"";"-52,04";"-0%";"4,61%";"5,84%";"8,61%";"";"";""
"2015/01/29";"1,093141";"560269559";"";"-25,9";"-0%";"4,89%";"6,25%";"9,16%";"";"";""
"2015/01/28";"1,09542";"561437645";"";"826766,34";"0,15%";"4,98%";"6,56%";"9,32%";"";"";""
"2015/01/27";"1,095405";"560603202";"";"94309503,89";"16,82%";"5,02%";"6,69%";"9,74%";"";"";""
"2015/01/26";"1,095129";"466176210";"";"160,26";"0%";"5,24%";"6,66%";"9,55%";"";"";""
"2015/01/23";"1,09483";"466048771";"";"-128,1";"-0%";"5,21%";"6,97%";"9,4%";"";"";""
"2015/01/22";"1,09121";"464507932";"";"-170,43";"-0%";"4,87%";"6,48%";"8,88%";"";"";""
"2015/01/21";"1,091381";"464580894";"";"-40273197,67";"-8,67%";"4,85%";"6,4%";"9,14%";"";"";""
"2015/01/20";"1,089942";"504188435";"";"182,73";"0%";"4,73%";"6,29%";"";"";"";""
"2015/01/19";"1,087549";"503081292";"";"-12,61";"-0%";"4,48%";"6,06%";"";"";"";""
"2015/01/16";"1,087469";"503044298";"";"-377,59";"-0%";"4,49%";"6,2%";"";"";"";""
"2015/01/15";"1,085986";"502358665";"";"602419,83";"0,12%";"4,37%";"5,99%";"";"";"";""
"2015/01/14";"1,083434";"500577149";"";"5254339,61";"1,05%";"4,03%";"5,76%";"";"";"";""
"2015/01/13";"1,082323";"494814884";"";"190,83";"0%";"3,89%";"5,61%";"";"";"";""
"2015/01/12";"1,079424";"493489333";"";"-280,43";"-0%";"3,53%";"5,33%";"";"";"";""
"2015/01/09";"1,07861";"493117470";"";"477848,86";"0,1%";"3,51%";"5,31%";"";"";"";""
"2015/01/08";"1,078289";"492493009";"";"-108,98";"-0%";"3,37%";"5,24%";"";"";"";""
"2015/01/07";"1,075659";"491291903";"";"-199,01";"-0%";"3,09%";"4,77%";"";"";"";""
"2015/01/06";"1,076867";"491843839";"";"176,38";"0%";"3,16%";"5,01%";"";"";"";""
"2015/01/05";"1,076805";"491815345";"";"-59,08";"-0%";"3,25%";"5,01%";"";"";"";""
"2014/12/31";"1,07637";"491616724";"";"206,86";"0%";"3,16%";"4,97%";"";"";"";""
"2014/12/30";"1,075198";"491081223";"";"-131,96";"-0%";"3,05%";"4,85%";"";"";"";""
"2014/12/29";"1,073775";"490431420";"";"7725021,31";"1,58%";"2,74%";"4,84%";"";"";"";""
"2014/12/23";"1,073216";"482455105";"";"242,59";"0%";"2,73%";"5,02%";"";"";"";""
"2014/12/22";"1,073812";"482722789";"";"-164,53";"-0%";"3,38%";"5,08%";"";"";"";""
"2014/12/19";"1,075828";"483629229";"";"-3781362,19";"-0,78%";"3,76%";"5,16%";"";"";"";""
"2014/12/18";"1,07442";"486772688";"";"2645343,93";"0,54%";"3,34%";"4,9%";"";"";"";""
"2014/12/17";"1,072252";"483150456";"";"-219,4";"-0%";"3,03%";"4,7%";"";"";"";""
"2014/12/16";"1,068193";"481321713";"";"-45,55";"-0%";"2,76%";"4,26%";"";"";"";""
"2014/12/15";"1,056092";"475869116";"";"7,66";"0%";"1,42%";"3,26%";"";"";"";""
"2014/12/12";"1,059384";"477352465";"";"310,16";"0%";"1,75%";"3,69%";"";"";"";""
"2014/12/11";"1,061214";"478176742";"";"-165,79";"-0%";"1,96%";"3,85%";"";"";"";""
"2014/12/10";"1,060415";"477816883";"";"-152,37";"-0%";"1,84%";"3,89%";"";"";"";""
"2014/12/09";"1,059023";"477189808";"";"306,51";"0%";"1,75%";"3,78%";"";"";"";""
"2014/12/08";"1,059884";"477577463";"";"38,11";"0%";"2,06%";"3,86%";"";"";"";""
"2014/12/05";"1,058588";"476993455";"";"-55,5";"-0%";"1,97%";"3,59%";"";"";"";""
"2014/12/04";"1,057961";"476710988";"";"-180,16";"-0%";"1,95%";"3,35%";"";"";"";""
"2014/12/03";"1,058023";"476739105";"";"165,89";"0%";"1,98%";"3,42%";"";"";"";""
"2014/12/02";"1,057565";"476532567";"";"2341200,57";"0,49%";"2%";"3,48%";"";"";"";""
"2014/12/01";"1,057322";"474082410";"";"160,26";"0%";"2,08%";"3,55%";"";"";"";""
"2014/11/28";"1,05641";"473673327";"";"-73,47";"-0%";"2,01%";"3,39%";"";"";"";""
"2014/11/27";"1,056961";"473920458";"";"-202,89";"-0%";"2,06%";"3,44%";"";"";"";""
"2014/11/26";"1,05673";"473817085";"";"126,79";"0%";"1,93%";"3,4%";"";"";"";""
"2014/11/25";"1,058165";"474460384";"";"-80,51";"-0%";"2,19%";"3,46%";"";"";"";""
"2014/11/24";"1,056986";"473931824";"";"299,94";"0%";"1,93%";"3,34%";"";"";"";""
"2014/11/21";"1,055902";"473445480";"";"-146,59";"-0%";"1,68%";"3,05%";"";"";"";""
"2014/11/20";"1,054462";"472799959";"";"-95,83";"-0%";"1,88%";"2,77%";"";"";"";""
"2014/11/19";"1,052559";"471946787";"";"184,52";"0%";"1,7%";"2,6%";"";"";"";""
"2014/11/18";"1,053068";"472174828";"";"112,45";"0%";"1,66%";"2,88%";"";"";"";""
"2014/11/17";"1,053206";"472236592";"";"10,55";"0%";"1,84%";"2,89%";"";"";"";""
"2014/11/14";"1,050529";"471036268";"";"-160,46";"-0%";"1,51%";"2,7%";"";"";"";""
"2014/11/13";"1,051948";"471672680";"";"-218,67";"-0%";"1,66%";"2,8%";"";"";"";""
"2014/11/12";"1,052769";"472041019";"";"354,38";"0%";"1,84%";"2,99%";"";"";"";""
"2014/11/11";"1,052157";"471766256";"";"-97,7";"-0%";"1,76%";"2,81%";"";"";"";""
"2014/11/10";"1,054575";"472850537";"";"-68,94";"-0%";"2,04%";"3,05%";"";"";"";""
"2014/11/07";"1,052921";"472108985";"";"-59,09";"-0%";"1,75%";"2,71%";"";"";"";""
"2014/11/06";"1,05387";"472534557";"";"-96,69";"-0%";"1,96%";"2,65%";"";"";"";""
"2014/11/05";"1,04319";"467745951";"";"51,97";"0%";"0,93%";"1,87%";"";"";"";""
"2014/11/04";"1,043629";"467942738";"";"201,75";"0%";"1%";"2,2%";"";"";"";""
"2014/11/03";"1,042805";"467573071";"";"-81,19";"-0%";"0,9%";"2,12%";"";"";"";""
"2014/10/31";"1,040548";"466561158";"";"1";"0%";"0,81%";"1,9%";"";"";"";""
"2014/10/30";"1,04327";"467781648";"";"116,17";"0%";"1,18%";"2,16%";"";"";"";""
"2014/10/29";"1,042205";"467304007";"";"2,81";"0%";"1,3%";"2,02%";"";"";"";""
"2014/10/28";"1,043462";"467867618";"";"-203,45";"-0%";"1,5%";"2,04%";"";"";"";""
"2014/10/27";"1,043048";"467682192";"";"-94,51";"-0%";"1,59%";"1,98%";"";"";"";""
"2014/10/22";"1,040573";"466572545";"";"4,5";"0%";"1,54%";"2,32%";"";"";"";""
"2014/10/21";"1,040874";"466707503";"";"139,04";"0%";"1,48%";"2,63%";"";"";"";""
"2014/10/20";"1,040669";"466615446";"";"198,2";"0%";"1,49%";"2,61%";"";"";"";""
"2014/10/17";"1,04088";"466709856";"";"-373,73";"-0%";"1,61%";"2,63%";"";"";"";""
"2014/10/16";"1,040723";"466639834";"";"296,34";"0%";"1,64%";"2,6%";"";"";"";""
"2014/10/15";"1,040474";"466527891";"";"-36,8";"-0%";"1,55%";"2,52%";"";"";"";""
"2014/10/14";"1,041453";"466966892";"";"20,32";"0%";"1,67%";"2,58%";"";"";"";""
"2014/10/13";"1,04178";"467113492";"";"-292,69";"-0%";"1,65%";"2,6%";"";"";"";""
"2014/10/10";"1,042593";"467478318";"";"-18,41";"-0%";"1,72%";"2,75%";"";"";"";""
"2014/10/09";"1,042061";"467239798";"";"9,94";"0%";"1,74%";"2,83%";"";"";"";""
"2014/10/08";"1,043149";"467727626";"";"22,37";"0%";"1,81%";"2,9%";"";"";"";""
"2014/10/07";"1,043447";"467861221";"";"148,01";"0%";"1,63%";"2,95%";"";"";"";""
"2014/10/06";"1,043873";"468052083";"";"134,63";"0%";"1,8%";"3,08%";"";"";"";""
"2014/10/03";"1,042954";"467639887";"";"-122,29";"-0%";"1,64%";"2,96%";"";"";"";""
"2014/10/02";"1,044247";"468219765";"";"-174,78";"-0%";"1,85%";"3,21%";"";"";"";""
"2014/10/01";"1,044379";"468279126";"";"403,42";"0%";"1,93%";"3,17%";"";"";"";""
"2014/09/30";"1,043425";"467850968";"";"-187,83";"-0%";"1,75%";"3%";"";"";"";""
"2014/09/29";"1,045127";"468614299";"";"65,89";"0%";"2,04%";"3,17%";"";"";"";""
"2014/09/26";"1,04484";"468485548";"";"103,81";"0%";"2,17%";"3,11%";"";"";"";""
"2014/09/25";"1,046476";"469218994";"";"-360,35";"-0%";"2,39%";"3,39%";"";"";"";""
"2014/09/24";"1,045881";"468952568";"";"38,41";"0%";"2,35%";"3,54%";"";"";"";""
"2014/09/23";"1,044728";"468435547";"";"14,38";"0%";"2,23%";"3,54%";"";"";"";""
"2014/09/22";"1,038706";"465735386";"";"166,39";"0%";"1,65%";"2,94%";"";"";"";""
"2014/09/19";"1,036887";"464919616";"";"15,87";"0%";"1,35%";"2,73%";"";"";"";""
"2014/09/18";"1,039651";"466158923";"";"1537249,23";"0,33%";"1,5%";"3,12%";"";"";"";""
"2014/09/17";"1,040746";"465111031";"";"-55,37";"-0%";"1,63%";"3,23%";"";"";"";""
"2014/09/16";"1,03954";"464572123";"";"437,09";"0%";"1,46%";"3,06%";"";"";"";""
"2014/09/15";"1,041351";"465381024";"";"-435,74";"-0%";"1,82%";"3,24%";"";"";"";""
"2014/09/12";"1,041206";"465316659";"";"353,65";"0%";"1,91%";"3,32%";"";"";"";""
"2014/09/11";"1,040855";"465159443";"";"-302,37";"-0%";"1,86%";"3,09%";"";"";"";""
"2014/09/10";"1,041255";"465338506";"";"213,47";"0%";"2,01%";"3,28%";"";"";"";""
"2014/09/09";"1,040794";"465132271";"";"-103,96";"-0%";"1,99%";"3,12%";"";"";"";""
"2014/09/08";"1,038449";"464084391";"";"77";"0%";"1,76%";"2,89%";"";"";"";""
"2014/09/05";"1,038165";"463957394";"";"37,34";"0%";"1,59%";"2,87%";"";"";"";""
"2014/09/04";"1,037685";"463742844";"";"-89,24";"-0%";"1,37%";"3,06%";"";"";"";""
"2014/09/03";"1,037454";"463639699";"";"-189,72";"-0%";"1,41%";"2,62%";"";"";"";""
"2014/09/02";"1,036831";"463361469";"";"402,79";"0%";"1,45%";"2,81%";"";"";"";""
"2014/09/01";"1,03578";"462891373";"";"-291,4";"-0%";"1,44%";"2,71%";"";"";"";""
"2014/08/29";"1,036698";"463301920";"";"327,14";"0%";"1,52%";"2,8%";"";"";"";""
"2014/08/28";"1,035573";"462798829";"";"10000843,17";"2,16%";"1,35%";"2,68%";"";"";"";""
"2014/08/27";"1,035586";"452803670";"";"-335,18";"-0%";"1,34%";"2,61%";"";"";"";""
"2014/08/26";"1,036744";"453310334";"";"323,66";"0%";"1,44%";"2,75%";"";"";"";""
"2014/08/25";"1,035484";"452759083";"";"-347,69";"-0%";"1,24%";"2,64%";"";"";"";""
"2014/08/22";"1,036996";"453420544";"";"211,87";"0%";"1,23%";"2,7%";"";"";"";""
"2014/08/21";"1,038446";"454054336";"";"141,4";"0%";"1,34%";"2,85%";"";"";"";""
"2014/08/19";"1,035012";"452552699";"";"-240,04";"-0%";"0,89%";"2,79%";"";"";"";""
"2014/08/18";"1,035831";"452911042";"";"-51,75";"-0%";"1,2%";"3,02%";"";"";"";""
"2014/08/15";"1,034194";"452195325";"";"111,42";"0%";"1,02%";"2,9%";"";"";"";""
"2014/08/14";"1,034884";"452496912";"";"-173,91";"-0%";"1,17%";"2,97%";"";"";"";""
"2014/08/13";"1,034737";"452432811";"";"256,66";"0%";"1,11%";"2,98%";"";"";"";""
"2014/08/12";"1,033793";"452019796";"";"-186,53";"-0%";"1,13%";"3,03%";"";"";"";""
"2014/08/11";"1,033971";"452097812";"";"-113,8";"-0%";"1,03%";"3,02%";"";"";"";""
"2014/08/08";"1,033542";"451910348";"";"173,98";"0%";"0,97%";"3,18%";"";"";"";""
"2014/08/07";"1,034824";"452470721";"";"-114,91";"-0%";"0,95%";"3,31%";"";"";"";""
"2014/08/06";"1,033592";"451932151";"";"-21,42";"-0%";"0,67%";"3,23%";"";"";"";""
"2014/08/05";"1,033578";"451926051";"";"333,45";"0%";"0,93%";"3,27%";"";"";"";""
"2014/08/04";"1,033338";"451820779";"";"-19,43";"-0%";"1,19%";"3,15%";"";"";"";""
"2014/08/01";"1,033533";"451906061";"";"-277,24";"-0%";"1,21%";"3,17%";"";"";"";""
"2014/07/31";"1,032189";"451318682";"";"196,25";"0%";"1,08%";"3,04%";"";"";"";""
"2014/07/30";"1,031141";"450860254";"";"-1,68";"-0%";"0,98%";"2,61%";"";"";"";""
"2014/07/29";"1,028823";"449846724";"";"-27,74";"-0%";"0,71%";"2,74%";"";"";"";""
"2014/07/28";"1,028021";"449496082";"";"-121,38";"-0%";"0,53%";"2,59%";"";"";"";""
"2014/07/25";"1,026754";"448942215";"";"246,94";"0%";"0,39%";"2,71%";"";"";"";""
"2014/07/24";"1,025774";"448513469";"";"-359,49";"-0%";"0,18%";"2,61%";"";"";"";""
"2014/07/23";"1,023537";"447535713";"";"93,96";"0%";"0,09%";"2,27%";"";"";"";""
"2014/07/22";"1,024794";"448085235";"";"4146789,56";"0,93%";"0,77%";"2,26%";"";"";"";""
"2014/07/21";"1,025697";"444329623";"";"19,46";"0%";"1,13%";"2,57%";"";"";"";""
"2014/07/18";"1,025406";"444203543";"";"-171,63";"-0%";"1,1%";"";"";"";"";""
"2014/07/17";"1,024377";"443757954";"";"75,12";"0%";"1%";"";"";"";"";""
"2014/07/16";"1,023958";"443576369";"";"-110,67";"-0%";"0,95%";"";"";"";"";""
"2014/07/15";"1,024571";"443842030";"";"303,25";"0%";"0,95%";"";"";"";"";""
"2014/07/14";"1,02438";"443758986";"";"-48,07";"-0%";"0,89%";"";"";"";"";""
"2014/07/11";"1,02484";"443958305";"";"-140,25";"-0%";"0,93%";"";"";"";"";""
"2014/07/10";"1,024955";"444008263";"";"-148,87";"-0%";"1,01%";"";"";"";"";""
"2014/07/09";"1,024208";"443684813";"";"390,87";"0%";"1,07%";"";"";"";"";""
"2014/07/08";"1,024592";"443850770";"";"-160,18";"-0%";"1,07%";"";"";"";"";""
"2014/07/07";"1,0267";"444764111";"";"13,25";"0%";"1,3%";"";"";"";"";""
"2014/07/04";"1,025452";"444223467";"";"-36,36";"-0%";"1,26%";"";"";"";"";""
"2014/07/03";"1,026148";"444525009";"";"-204,11";"-0%";"1,3%";"";"";"";"";""
"2014/07/02";"1,025324";"444168258";"";"75,53";"0%";"1,34%";"";"";"";"";""
"2014/07/01";"1,024604";"443856280";"";"-31,58";"-0%";"1,22%";"";"";"";"";""
"2014/06/30";"1,025455";"444224963";"";"136,28";"0%";"1,23%";"";"";"";"";""
"2014/06/27";"1,024248";"443701957";"";"-33,4";"-0%";"0,99%";"";"";"";"";""
"2014/06/26";"1,022603";"442989380";"";"27,81";"0%";"0,91%";"";"";"";"";""
"2014/06/25";"1,022056";"442752393";"";"196,39";"0%";"0,97%";"";"";"";"";""
"2014/06/24";"1,021896";"442682885";"";"-213,27";"-0%";"1,16%";"";"";"";"";""
"2014/06/23";"1,02193";"442697827";"";"44,09";"0%";"1,28%";"";"";"";"";""
"2014/06/20";"1,02189";"442680455";"";"113,79";"0%";"1,36%";"";"";"";"";""
"2014/06/19";"1,023083";"443197146";"";"-212,11";"-0%";"1,36%";"";"";"";"";""
"2014/06/18";"1,02425";"443702900";"";"1001668,86";"0,23%";"1,59%";"";"";"";"";""
"2014/06/17";"1,024072";"442624296";"";"34579521,88";"7,81%";"1,57%";"";"";"";"";""
"2014/06/16";"1,024566";"408241610";"";"118,92";"0%";"1,57%";"";"";"";"";""
"2014/06/13";"1,022745";"407515908";"";"12,78";"0%";"1,26%";"";"";"";"";""
"2014/06/12";"1,021716";"407105887";"";"-16,16";"-0%";"1,39%";"";"";"";"";""
"2014/06/11";"1,02189";"407175234";"";"-29,73";"-0%";"1,22%";"";"";"";"";""
"2014/06/10";"1,020743";"406718238";"";"-243,77";"-0%";"1,25%";"";"";"";"";""
"2014/06/06";"1,02047";"406609704";"";"283,8";"0%";"1,39%";"";"";"";"";""
"2014/06/05";"1,021913";"407184388";"";"-163,4";"-0%";"1,26%";"";"";"";"";""
"2014/06/04";"1,023622";"407865508";"";"-21,23";"-0%";"1,66%";"";"";"";"";""
"2014/06/03";"1,023017";"407624465";"";"-26,26";"-0%";"1,19%";"";"";"";"";""
"2014/06/02";"1,021995";"407217272";"";"182,46";"0%";"1,34%";"";"";"";"";""
"2014/05/30";"1,0211";"406860474";"";"-351,04";"-0%";"1,25%";"";"";"";"";""
"2014/05/29";"1,021133";"406873974";"";"102,68";"0%";"1,25%";"";"";"";"";""
"2014/05/28";"1,021783";"407132866";"";"-46,54";"-0%";"1,32%";"";"";"";"";""
"2014/05/27";"1,021859";"407163195";"";"295,44";"0%";"1,25%";"";"";"";"";""
"2014/05/26";"1,021999";"407218683";"";"-175,39";"-0%";"1,29%";"";"";"";"";""
"2014/05/23";"1,02281";"407542004";"";"-148,78";"-0%";"1,3%";"";"";"";"";""
"2014/05/22";"1,024405";"408177686";"";"213,43";"0%";"1,46%";"";"";"";"";""
"2014/05/21";"1,024695";"408293024";"";"20,96";"0%";"1,49%";"";"";"";"";""
"2014/05/20";"1,02601";"408816969";"";"-161,08";"-0%";"1,79%";"";"";"";"";""
"2014/05/19";"1,025926";"408783660";"";"214,62";"0%";"1,89%";"";"";"";"";""
"2014/05/16";"1,023597";"407855448";"";"73,07";"0%";"1,85%";"";"";"";"";""
"2014/05/15";"1,023798";"407935464";"";"-162,46";"-0%";"1,87%";"";"";"";"";""
"2014/05/14";"1,022899";"407577417";"";"6,8";"0%";"1,78%";"";"";"";"";""
"2014/05/13";"1,023331";"407749542";"";"-121,42";"-0%";"1,85%";"";"";"";"";""
"2014/05/12";"1,022236";"407313357";"";"418553,19";"0,1%";"1,87%";"";"";"";"";""
"2014/05/09";"1,023402";"407358923";"";"-45,75";"-0%";"2,17%";"";"";"";"";""
"2014/05/08";"1,023567";"407424646";"";"167,25";"0%";"2,18%";"";"";"";"";""
"2014/05/07";"1,025126";"408045029";"";"21061829,14";"5,16%";"2,34%";"";"";"";"";""
"2014/05/06";"1,026696";"387575872";"";"73367206,21";"18,93%";"2,55%";"";"";"";"";""
"2014/05/05";"1,024037";"313394909";"";"31896937,01";"10,18%";"2,32%";"";"";"";"";""
"2014/04/30";"1,021162";"280707662";"";"-106,24";"-0%";"1,62%";"";"";"";"";""
"2014/04/29";"1,021557";"280816350";"";"182,58";"0%";"2,01%";"";"";"";"";""
"2014/04/28";"1,022555";"281090508";"";"9999888,98";"3,56%";"2,05%";"";"";"";"";""
"2014/04/25";"1,022798";"271155041";"";"-184,77";"-0%";"2,32%";"";"";"";"";""
"2014/04/24";"1,023888";"271444197";"";"130,25";"0%";"2,42%";"";"";"";"";""
"2014/04/23";"1,022567";"271093855";"";"64,9";"0%";"2,18%";"";"";"";"";""
"2014/04/22";"1,016937";"269601215";"";"-141,04";"-0%";"1,47%";"";"";"";"";""
"2014/04/17";"1,014202";"268876277";"";"-32,21";"-0%";"";"";"";"";"";""
"2014/04/16";"1,014353";"268916341";"";"-8,05";"-0%";"";"";"";"";"";""
"2014/04/15";"1,014937";"269071174";"";"-7,96";"-0%";"";"";"";"";"";""
"2014/04/14";"1,015306";"269169008";"";"-19,1";"-0%";"";"";"";"";"";""
"2014/04/11";"1,015359";"269183078";"";"-33,89";"-0%";"";"";"";"";"";""
"2014/04/10";"1,014659";"268997534";"";"130,3";"0%";"";"";"";"";"";""
"2014/04/09";"1,013384";"268659387";"";"-67,41";"-0%";"";"";"";"";"";""
"2014/04/08";"1,013758";"268758606";"";"-26,03";"-0%";"";"";"";"";"";""
"2014/04/07";"1,013515";"268694210";"";"128,34";"0%";"";"";"";"";"";""
"2014/04/04";"1,012672";"268470593";"";"-92,31";"-0%";"";"";"";"";"";""
"2014/04/03";"1,012966";"268548628";"";"161,31";"0%";"";"";"";"";"";""
"2014/04/02";"1,01178";"268234045";"";"-54,01";"-0%";"";"";"";"";"";""
"2014/04/01";"1,012293";"268370101";"";"-142,13";"-0%";"";"";"";"";"";""
"2014/03/31";"1,013101";"268584453";"";"101";"0%";"";"";"";"";"";""
"2014/03/28";"1,01302";"268562878";"";"-116,06";"-0%";"";"";"";"";"";""
"2014/03/27";"1,014197";"268875030";"";"155,68";"0%";"";"";"";"";"";""
"2014/03/26";"1,013348";"268649795";"";"52,41";"0%";"";"";"";"";"";""
"2014/03/25";"1,012199";"268345130";"";"-12,32";"-0%";"";"";"";"";"";""
"2014/03/24";"1,010152";"267802460";"";"18609440,58";"6,95%";"";"";"";"";"";""
"2014/03/21";"1,00901";"248911301";"";"18645152,13";"7,49%";"";"";"";"";"";""
"2014/03/20";"1,008201";"230081527";"";"171,68";"0%";"";"";"";"";"";""
"2014/03/19";"1,00931";"230334440";"";"-35,28";"-0%";"";"";"";"";"";""
"2014/03/18";"1,008184";"230077511";"";"3543420,72";"1,54%";"";"";"";"";"";""
"2014/03/17";"1,008221";"226542404";"";"-72,45";"-0%";"";"";"";"";"";""
"2014/03/14";"1,008695";"226648982";"";"-61,72";"-0%";"";"";"";"";"";""
"2014/03/13";"1,010066";"226957101";"";"-35,44";"-0%";"";"";"";"";"";""
"2014/03/12";"1,00775";"226436742";"";"61,89";"0%";"";"";"";"";"";""
"2014/03/11";"1,009621";"226857085";"";"-41,23";"-0%";"";"";"";"";"";""
"2014/03/10";"1,008171";"226531318";"";"18,96";"0%";"";"";"";"";"";""
"2014/03/07";"1,00931";"226787227";"";"136,58";"0%";"";"";"";"";"";""
"2014/03/06";"1,006431";"226140193";"";"-11,12";"-0%";"";"";"";"";"";""
"2014/03/05";"1,00922";"226766879";"";"-18,76";"-0%";"";"";"";"";"";""
"2014/03/04";"1,006916";"226249200";"";"-4,36";"-0%";"";"";"";"";"";""
"2014/03/03";"1,011002";"227167309";"";"-98,45";"-0%";"";"";"";"";"";""
"2014/02/28";"1,008496";"226604321";"";"42,13";"0%";"";"";"";"";"";""
"2014/02/27";"1,009293";"226783361";"";"-96,97";"-0%";"";"";"";"";"";""
"2014/02/26";"1,009027";"226723689";"";"145,19";"0%";"";"";"";"";"";""
"2014/02/25";"1,008882";"226690963";"";"-30,37";"-0%";"";"";"";"";"";""
"2014/02/24";"1,010245";"226997253";"";"-39,63";"-0%";"";"";"";"";"";""
"2014/02/21";"1,009699";"226874609";"";"119,31";"0%";"";"";"";"";"";""
"2014/02/20";"1,007979";"226488014";"";"-83,47";"-0%";"";"";"";"";"";""
"2014/02/19";"1,006878";"226240708";"";"-73,82";"-0%";"";"";"";"";"";""
"2014/02/18";"1,005512";"225933848";"";"20015156,66";"8,86%";"";"";"";"";"";""
"2014/02/17";"1,00608";"206035012";"";"-15,15";"-0%";"";"";"";"";"";""
"2014/02/14";"1,005005";"205814878";"";"31,79";"0%";"";"";"";"";"";""
"2014/02/13";"1,004749";"205762420";"";"47,43";"0%";"";"";"";"";"";""
"2014/02/12";"1,003429";"205492050";"";"83,6";"0%";"";"";"";"";"";""
"2014/02/11";"1,003702";"205547874";"";"-13,29";"-0%";"";"";"";"";"";""
"2014/02/10";"1,003223";"205449793";"";"299203,07";"0,15%";"";"";"";"";"";""
"2014/02/07";"1,001683";"204835673";"";"2999494,4";"1,46%";"";"";"";"";"";""
"2014/02/06";"1,001207";"201740266";"";"80,58";"0%";"";"";"";"";"";""
"2014/02/05";"1,000848";"201667848";"";"-33,37";"-0%";"";"";"";"";"";""
"2014/02/04";"1,001809";"201861520";"";"24,06";"0%";"";"";"";"";"";""
"2014/02/03";"1,001954";"201890713";"";"-69,48";"-0%";"";"";"";"";"";""
"2014/01/31";"1,001778";"201855319";"";"1499642,24";"0,74%";"";"";"";"";"";""
"2014/01/30";"1,004893";"200978677";"";"117,14";"0%";"";"";"";"";"";""
"2014/01/29";"1,00138";"200275960";"";"27,96";"0%";"";"";"";"";"";""
"2014/01/28";"1,002024";"200404732";"";"-89,08";"-0%";"";"";"";"";"";""
"2014/01/27";"0,998223";"199644621";"";"98,89";"0%";"";"";"";"";"";""
"2014/01/24";"0,999654";"199930722";"";"-26,06";"-0%";"";"";"";"";"";""
"2014/01/23";"1,00079";"200157948";"";"26,89";"0%";"";"";"";"";"";""
"2014/01/22";"1,002176";"200435121";"";"-79";"-0%";"";"";"";"";"";""
"2014/01/21";"1";"200000000";"";"200000000";"100%";"";"";"";"";"";""
